fName,lName,phNum,address,state,city,pin,profileImg,languages,expYears,designation,companyName,skills,specialities,certifications,affiliations,supportContactNumber,supportEmailAddressnearestSebiOffice,completeSebiOfficeAddress,registeredAs,persona,mentorId,contentBody,title,bio,disclaimer,declaration,performance
Investology,,9702468378,"Office 19, 1st Floor, Poonam Estate Cluster 2 ( 789 ), Mira Road East, Thane ",Maharashtra,Mumbai,401107,https://signalz.pro/wp-content/uploads/2025/03/Investology.jpg,"English, Hindi",20,,,"Equity, Future & Options","Fundamental Analyisis, Technical Analyisis, Quant Analysis, DIY Model Portfolio",NISM Series XV - Research Analyst,"{'entity': 'SEBI', 'registrationId': 'INH000015297', 'affiliationValidity': 'Perpetual', 'registration_date\t': ''}, {'entity': 'BSE', 'registrationId': '6072', 'affiliationValidity': '', 'registration_date\t': ''}",7039468378,,"PN-C/7, G Block BKC, Bandra Kurla Complex, Bandra East, Mumbai, Maharashtra 400051",Company,RA,61,,Investology ,"Investology is a SEBI Registered Research Analyst ( INH000015297 ) specializing in quantitative data analytics to prepare comprehensive investment research reports. Our team of experts leverages advanced statistical methods and  technologies to provide clients with data-driven insights and recommendations which would help them make informed investment decisions.  We specialize in custom research projects that help you make informed decisions about your investments.

Our process involves a comprehensive approach to Research that includes data collection, analysis, and reporting. We use cutting-edge tools and techniques to gather and analyze data, ensuring accurate and reliable results.

Our team comprises experienced  researchers with years of experience in the stock Market We are passionate about what we do and are committed to providing the actionable data services to our clients.","This research report is prepared by Research Analyst and is solely for information of the recipient only. The report must not be used as a singular basis of any investment decision.

The views herein are of a general nature and do not consider the risk appetite or the particular circumstances of an individual investor; readers are requested to take professional advice before investing. Nothing in this document should be construed as investment advice.

Each recipient of this document should make such investigations as they deem necessary to arrive at an independent evaluation of an investment in securities of the companies referred to in this document (including merits and risks) and should consult their own advisors to determine merits and risks of such
investment.

The information and opinions contained herein have been compiled or arrived at, based upon information obtained in good faith from sources believed to be reliable. Such information has not been independently verified and no guaranty, representation of warranty, express or implied, is made as to its accuracy,
completeness or correctness. All such information and opinions are subject to change without notice. Descriptions of any company or companies or their securities mentioned herein are not intended to be complete. Research Analyst is not obliged to update this report for such changes. Research Analyst has the
right to make changes and modifications at any time.

This report is not directed to, or intended for display, downloading, printing, reproducing or for distribution to or use by, any person or entity who is a citizen or resident or located in any locality, state, country or other jurisdiction where such distribution, publication, reproduction, availability or use would be contrary to law or regulation or what would subject Research Analyst or its affiliates to any registration or licensing requirement within such jurisdiction. If this report is inadvertently sent or has reached any person in such country, especially, United States of America, the same should be ignored and brought to the attention of the sender. This document may not be reproduced, distributed or published in whole or in part, directly or
indirectly, for any purposes or in any manner.

It should not be considered to be taken as an offer to sell or a solicitation to buy any security. This document is not, and should not, be construed as an offer or solicitation of an offer, to buy or sell any securities or other financial instruments. This report should not be construed as an invitation or solicitation to do business with Research Analyst.

Research Analyst do not take any responsibility, financial or otherwise, of the losses or the damages sustained due to the investments made or any action taken on basis of this report.","INVESTOLOGY is a SEBI Registered Research Analyst (INH000015297) and runs the services under the brand name INVESTOLOGY with its website as www.investology.in The research analyst got its SEBI registration on 1st March 2024 and is engaged in research and recommendation Services. The focus of Research Analyst is to provide research and recommendations services to the clients. Analyst aligns its interests with those of the client and seeks to provide the best suited services.
➢ Research Analyst have no material adverse disciplinary history as on the date of publication of this report.
➢ Research Analyst has no associates
➢ Research Analysts or its employee or its associates may have beneficial ownership of 1% or more in the subject company at the end of the month immediately preceding the date of publication of the Research Report, in such scenarios explicit declarations would be made in the report.
➢ Research Analysts or its employee or its associates does not have any financial interest in the subject company.
➢ Research Analysts or its employee or its associates have no actual or potential conflicts of interest arising from any connection to or association with any issuer of products/ securities, including any material information or facts that might compromise its objectivity or independence in the carrying on of recommendation services at the time of publication of the research report.
➢ Research Analysts or its employee or its associates have not received any kind of remuneration or consideration or compensation form the subject company or from anyone in connection with the research report in the past twelve months.
➢ The subject company was not a client of Research Analyst during twelve months preceding the date of distribution of the research report.
➢ Research Analysts or its employee or its associates have not served as an officer, director or employee of the subject company.
➢ Research Analysts or its employee or its associates have not been engaged in market making activity of the subject company",0
Aakash,Jajoo,9924248934,"Shed No. 143, 6, GIDC, Makarpura Road, Vadodara, Gujarat",Gujarat,Vadodara,390009,https://signalz.pro/wp-content/uploads/2024/12/20231005_123750-removebg-preview-e1739611186328.png,"English, Hindi, Gujarati",7,,,Equity,"Fundamental Analysis, Long-term Investment","Financial Modelling and Valuation, NISM-Series-XV: Research Analyst Certification Examination","{'entity': 'SEBI', 'registrationId': 'INH000015312', 'affiliationValidity': 'Perpetual', 'registration_date\t': '20240301'}, {'entity': 'BSE', 'registrationId': '6070', 'affiliationValidity': '', 'registration_date\t': ''}",9924248934,,"SEBI Bhavan, Western Regional Office,
Panchvati 1st Lane, Gulbai Tekra Road,
Ahmedabad - 380006, Gujarat",Individual,RA,44,,Aakash Jajoo,"<b>RA Aakash Jajoo</b><span style=""font-weight: 400;""> is a SEBI-registered Research Analyst dedicated to helping retail investors create wealth through peaceful long-term investing. With a strong academic foundation in financial markets and years of hands-on experience, Aakash is on a mission to guide individuals toward financial success without falling into the pitfalls of trading.</span>

<span style=""font-weight: 400;"">Aakash is passionate about empowering retail investors in the Indian equity market. His mission is to guide them toward sustainable wealth creation by focusing on peaceful long-term investments and avoiding the risks associated with short-term stressful trading in the F&amp;O segment. He aims to provide tools and strategies for building a balanced portfolio that allows investors to navigate market volatility confidently.</span>
<h3><b>Investment Philosophy</b></h3>
<span style=""font-weight: 400;"">Aakash believes in the power of long-term investing over short-term trading. After early experiences in Futures &amp; Options (F&amp;O) trading that yielded no significant profit, he shifted his focus entirely to long-term investments. This strategic decision has enabled him to generate a remarkable 24% CAGR on his portfolio. Aakash emphasizes data-driven decision-making and advocates for creating a focused equity portfolio that brings stability and peace of mind to investors.</span>

<span style=""font-weight: 400;"">His philosophy is rooted in helping retail investors move away from speculative trading and toward wealth-building through sound, disciplined investing.</span>
<h3><b>Work Experience</b></h3>
<b>7+ Years Experience</b>
<ul>
 	<li style=""font-weight: 400;""><b>Active Investor</b><b>
</b><span style=""font-weight: 400;"">Managing a corpus in 9 figures with a track record of generating consistent long-term returns.</span><span style=""font-weight: 400;"">
</span><span style=""font-weight: 400;"">Skills: Portfolio Management, Multibagger Stock Identification, Investment Analysis</span></li>
 	<li style=""font-weight: 400;""><b>Mentor and Guide</b><b>
</b><span style=""font-weight: 400;"">Sharing insights and strategies to help retail investors develop a focused equity portfolio.</span></li>
</ul>
<h3><b>Education &amp; Certifications</b></h3>
<ul>
 	<li><strong>IIM Ahmedabad: </strong>Financial Reporting and Corporate Governance (FRCG)</li>
 	<li><b>MSc. Strategy, Innovation and Management Control (SIMC): </b>Vienna University of Economics and Business, Austria</li>
 	<li style=""font-weight: 400;""><b>Bachelor of Financial Markets (BFM)</b><span style=""font-weight: 400;"">: Narsee Monjee College of Commerce and Economics, Mumbai</span></li>
 	<li style=""font-weight: 400;""><b>SEBI Registered Research Analyst</b><span style=""font-weight: 400;"">: INH000015312 (Lifetime License)</span></li>
</ul>
<span style=""font-weight: 400;"">At </span><b>Signalz</b><span style=""font-weight: 400;"">, RA Aakash Jajoo shares his extensive market knowledge and proven strategies, helping clients achieve their financial goals and fostering a culture of informed investing.</span>","I, Aakash Ashok Jajoo, SEBI Registered Research Analyst (INH000015312) comply with the qualification and certification requirements under SEBI (Research Analyst) Regulations, 2014.

All of the views expressed in research reports and recommendations issued by me reflect my personal views about the subject company or companies at the given point of time and I do not receive/accept any kind of compensation, directly or indirectly related to specific recommendations or views expressed in reports issued by me.

The investments discussed or views expressed in reports and recommendations issued by me may not be suitable for all investors.

The user assumes the entire risk of any use made of this information.

I nor any person connected with my report, accepts any liability arising from the use of research document. The recipients of research document should rely on their own investigations and should consult their own financial advisors to determine merit and risks of such investments based on their own risk appetite.

Price and value of the investments referred to in this material may go up or down. Past performance is not a guide for future performance.

Certain transactions including those involving futures, options and other derivatives as well as non-investment grade securities involve substantial risk and are not suitable for all investors.

Reports and recommendations based on technical analysis centers on studying charts of a stock's price movement and trading volume, as opposed to focusing on a company's fundamentals and as such, may not match with a report on a company's fundamentals.

Opinions expressed in research reports &amp; recommendations will be based on the current opinions as of the date appearing in research report &amp; recommendations. While I endeavor to update on a reasonable basis the information discussed in research reports, there may be regulatory, compliance, or other reasons that prevent me from doing so.

Prospective investors and others are cautioned that any forward-looking statements are not predictions and may be subject to change without notice. So far as reports include current or historic information, it is believed to be reliable, although its accuracy and completeness cannot be guaranteed.

Investment in securities market are subject to market risks. Read all the related documents carefully before investing. Registration granted by SEBI, and certification from NISM in no way guarantee performance of the intermediary or provide any assurance of returns to investors.","Aakash Ashok Jajoo is a SEBI Registered Research Analyst having registration no. INH000015312.

Aakash Ashok Jajoo and and their relatives may;

(a) from time to time, have a long or short position in, act as principal in, and buy or sell the securities or derivatives thereof of companies mentioned herein.

(b) be engaged in any other transaction involving such securities or may have any other potential conflict of interests with respect to any recommendation and other related information and opinions; however the same shall have no bearing whatsoever on the specific recommendations made by the analyst, as the recommendations made by the analyst are completely independent of the views of his associates even though there might exist an inherent conflict of interest in some of the stocks mentioned in the research report. Aakash Ashok Jajoo and his relatives do and seek to do business including investment banking with companies covered in its research reports which includes preferential issues.

Specific disclosures:

1. The research Analyst and/or his relatives have financial interest in the subject company, as they have equity holdings in the subject company.

2. The Research Analyst and/or his relatives may have actual/beneficial ownership of 1% or more securities in the subject company

3. The Research Analyst and/or his relatives have not received compensation/other benefits from the subject company in the past 12 months

4. The Research Analyst and/or his relatives do not have material conflict of interest in the subject company at the time of publication of research report

5. Research Analyst has not served as director/officer/employee in the subject company

6. The Research Analyst has not acted as a manager or co-manager of public offering of securities of the subject company in past 12 months

7. The Research Analyst has not received compensation for investment banking/ merchant banking/brokerage services from the subject company in the past 12 months

8. The Research Analyst has not received compensation for other than investment banking/merchant banking/brokerage services from the subject company in the past 12 months

9. The Research Analyst has not engaged in market making activity for the subject company",0
Vinayak ,Kanvinde,8097020044,"OFFICE 11, VENUS 1, COSMOS REGENCY, WAGHBIL ROAD ",Maharashtra,THANE ,400615,https://signalz.pro/wp-content/uploads/2025/03/Vinayak_QualScore-1.jpeg,"English, Hindi, Marathi, Telugu, Kannada",26,,QualSCORE - a brand of EERIMA DIGITOOLS PVT LTD,Equity,Fundamental Analysis,NISM Research Analyst XV,"{'entity': 'SEBI', 'registrationId': 'INH000016010', 'affiliationValidity': 'Perpetual', 'registration_date\t': ''}, {'entity': 'BSE', 'registrationId': '6148', 'affiliationValidity': '', 'registration_date\t': ''}",8097020044,,"SEBI Bhavan, Plot No. C-4A, 'G' Block, Bandra-Kurla Complex, Bandra (East), Mumbai – 400 051",Company,RA,68,,Vinayak  Kanvinde,"EERIMA is founded by first generation of entrepreneurs with deep understanding of the financial markets. The combined experience of the core team and advisory board is over 100+ years of cumulative experience in Global Capital Markets. EERIMA offers securities research services under the brand of QualSCORE (click Product Offerings to know more). <strong>EERIMA is SEBI Registered Research Analyst with registration number INH000016010. </strong>

Principal Officer of EERIMA, Vinayak Kanvinde, has over 25 years of capital markets experience with his last assignment before starting EERIMA being a portfolio manager with Right Horizons PMS. At the time of his exit, he managed RH PMS assets over Rs 400Cr in various strategies. He also had successful stints with Crisil Research, Fidelity International and Oracle (GFIC).","Eerima Digitools Private Limited is a SEBI registered Research Analyst holding registration no. INH000016010 under the SEBI (Research Analysts)
Regulations, 2014.

 The Research Analyst makes research-based recommendations and issues research reports on various opportunities in the Indian equity market for the
short and long term.
 The Research Analyst has never been suspended or barred from doing business by SEBI or any other authority, nor has SEBI ever cancelled our
certificate of registration.
 The Research Analyst does not provide merchant banking, investment banking, investment adviser, or brokerage services.
 The Research Analyst has not partnered with any third-party intermediaries for execution or distribution services. As a result, we receive no compensation
for execution or distribution services.
 Please see the individual recommendation reports for information on ownership, material conflicts of interest, and compensation received.
 The recommendation should not be interpreted as a solicitation of an offer to purchase or sell any security in a jurisdiction where doing so would be against
the law.
 Regarding the accuracy, timeliness, or completeness of the information (including news, pricing, statistics, analysis, and the like) offered through our website, Eerima Digitools Private Limited makes no representation, warranty, or guarantee. The Research Analyst and its affiliates are not responsible for
any decisions made or actions performed as a result of using the information provided here. Access to the material on this website isn't meant to be and
shouldn't be seen as an offer to purchase or sell any security. It also shouldn't be seen as establishing any kind of contractual relationship between the
Research Analyst and anybody who uses or acts on the information on this website. This website's original writing, including but not limited to the design, text, and images, are protected as intellectual property and may not be used in whole or in part in any way by copying, reproducing, transmitting,
displaying, or otherwise. While every effort has been made to ensure the authenticity of this website, the Research Analyst, its employees, and
authorised representatives disclaim all liability for any person or entity who directly or indirectly suffers consequential losses, damages, or claims of any
kind as a result of any flaw, error, or inaccuracy that unintentionally crept into this website or uses the information on this website in any other way. Despite
all reasonable precautions taken by the Research Analyst to prevent hacking and other interference, this website is not immune to these risks. As with any
other website, Eerima Digitools Private Limited disclaims all responsibility for any loss or damage a user may experience as a result of any alteration or
manipulation of any data or information accessed through or downloaded from this website.
 The information and data on www.qualsore.in, including but not limited to recommendations, research services, past performance, stock ratings, and
research rationale, are provided solely for educational and illustrative purposes. The performance figures are calculated using a standard methodology and do not account for transaction fees or other related costs. The Research Analyst has not audited or validated the data used to calculate historical returns and other information, which is provided by exchange-approved third-party data vendors.
 All information available on www.qualscore.in are intended to assist investors with their decision-making and should not be construed as a recommendation or solicitation for a particular investment or investment plan. Investors are accountable for their investing decisions and for validating any information used to make those decisions. Investors should recognise that their investment decisions are based on their individual financial needs, and that
the performance information available on www.qualscore.in is just one of many factors that should be considered before making an investment
decision. Past performance is not indicative of future results, and the performance of QualSCORE services is subject to market risk. Before investing, investors should carefully examine all relevant papers, such as research reports, financial statements, etc., as investments in the securities market are susceptible to market risks. Derivatives are sophisticated financial instruments. Before actually trading in derivative contracts, the investor is required to analyse all relevant risk considerations.
 In no way does the Research Analyst promise or guarantee a favourable outlook for a particular industry, sector, or business group. Before investing, the investor must assess all risk variables, including their financial position.
 The analysts/representatives for various Research recommendations certify that all information/material therein accurately reflects their personal opinions about the subject company or companies and their securities, and that no portion of their compensation has been, is being, or will be related in any way to the company(ies) they recommend in their research analyses/reports. No part of this content may be copied or transferred in any way without the
company's prior written approval.
 Investment in securities market is subject to market risks. Read all the related documents carefully before investing.
 Registration granted by SEBI, and certification from NISM in no way guarantee performance of the Research Analyst or provide any assurance of
returns to investors.
 Acceptance of this disclosure and disclaimer report is implied by the act of browsing and reading the content. Strictly Reserved. Registered office of
Eerima Digitools Private Limited: Flat No. 101, Wing B, 1 st floor, Pooja Galaxy, Pooja Complex, Ghodbunder Road, next to Vijay Nagari, Thane, Maharashtra, 400607.","The particulars given in this Disclosure Document have been prepared in accordance with SEBI (Research Analyst) Regulations, 2014.

This is to provide essential information about the Research and recommendation Services in a manner to assist and enable the perspective client/client in making an informed decision for engaging in Research and Recommendation services before investing.

For the purpose of this Disclosure Document, Research Analyst is Eerima Digitools Private Limited, (hereinafter referred as “Research Analyst”)

Descriptions about “Research Analyst”

History, Present business and Background:
The Research Analyst is registered with SEBI as Eerima Digitools Private Limited with Registration No. INH000016010. The Company got its registration on May 07, 2024 and is engaged in research and recommendation Services. The focus of Research Analyst is to issue research reports and provide research and
recommendations services to the clients. Analyst aligns its interests with those of the client and seeks to provide the best suited services.

Terms and conditions of Research and Recommendation Services Terms and conditions of Research and Recommendation Services are detailed in the
terms and condition document. Please refer to the same for details.

Disciplinary history:
There are no pending material litigations or legal proceedings, findings of inspections or investigations for which action has been taken or initiated by any regulatory authority against the Research Analyst or its associates or relatives.

Details of its associates: No Associates

Disclosures with respect to Research and Recommendations Services:
 Research Analyst or his associate or his relative may have financial interest or actual / beneficial ownership of one per cent or more in the securities
recommended in its personal portfolio at the end of the month immediately preceding the date of publication of the research report or date of the public
appearance. Details of the same may be referred through the disclosures made at the time of research.

 There are no actual or potential conflicts of interest arising from any connection of Research Analyst or his associate or his relative to or association with any issuer of products/ securities, including any material information or facts that might compromise its objectivity or independence in the carrying on of Research services. Such conflict of interest shall be disclosed to the client as and when they arise.

 Research analyst or its associates or relatives, may have actual/beneficial ownership of one per cent or more securities of the subject company, at the end
of the month immediately preceding the date of publication of the research report or date of the public appearance or research recommendation. Details of the
same may be referred through the disclosures made at the time of research.

 Research analyst or its associate or relatives has no connection or association of any sort with any issuer of products/ securities recommended herein.

 Research analyst or his associate or his relative has no actual or potential conflicts of interest arising from any connection to or association with any issuer
of products/ securities, including any material information or facts that might compromise its objectivity or independence in the carrying on of research and
recommendations services.

 Research analyst or its associates have not received any kind of remuneration or consideration form the products/ securities recommended herein.

 Research analyst or its associates have not received any compensation from the subject company in past 12 months.

 Research analyst or its associates have not managed or co-managed the public offering of Subject Company in past 12 months.

 Research analyst or its associates have not received any compensation for investment banking or merchant banking of brokerage services from the subject
company in past 12 months.

 Research analyst or its associates have not received any compensation for products or services from the subject company in the past twelve months.

 Research analyst or its associates have not received any compensation or other benefits from the subject company or third party in connection with the research report or research recommendations.

 Research analyst or its associates have not received any compensation for products or services from the subject company in past 12 months.

 The subject company is or was not a client of Research analyst or its associates during twelve months preceding the date of distribution of the research report and recommendation services provided.

 Research Analysts or its associates have not served as an officer, director or employee of the subject company.

 Research Analysts has not been engaged in market making activity of the subject company.",100
Saurabh,Shukla,8800208773,"X-1/153, KRISHNA PURAM, OPP. PRISM CEMENT OFFICE",Uttar Pradesh,Kanpur,208007,https://signalz.pro/wp-content/uploads/2024/08/SaurabhShukla_NoBG-e1723888678288.png,"English, Hindi",23,Proprietor,MIR Uniserv,"Equity, Future & Options, Commodity","Quant Analysis, Algorithm Models, Portfolios, CFDs",NISM XV Research Analyst,"{'entity': 'SEBI', 'registrationId': 'INH100007639', 'affiliationValidity': 'Perpetual', 'registration_date\t': ''}, {'entity': 'BSE', 'registrationId': '5379', 'affiliationValidity': '', 'registration_date\t': ''}",8800208773,,"Office Block – I, 8th Floor, Plate B, East Kidwai Nagar, New Delhi – 110023 ",Individual,RA,39,,Saurabh Shukla,"<strong>RA Saurabh Shukla</strong> is an experienced SEBI-registered Research Analyst with over 23 years of experience in the financial markets. His career has been dedicated to algorithm development, strategy writing, market analysis, and trading in the derivative market. As an expert in chart reading and trend identification, Saurabh has provided valuable insights and mentorship throughout his extensive career.

<strong>Investment Philosophy:</strong>

Saurabh specializes in identifying market trends and chart patterns to guide investment decisions. His approach includes a strong focus on recognizing reversals and market opportunities. Saurabh’s expertise extends to trend analysis in both equity and commodity markets, particularly gold and silver. His risk management strategy prominently features stop loss, which he utilizes not only for exit points but also as a tool for trade reversals.

At Signalz, RA Saurabh Shukla uses his deep expertise and experience to offer clients comprehensive market analysis and strategic advice. Through Signalz, he provides insightful guidance and educational resources to help clients understand the complexities of the financial markets.

<strong>Work Experience:</strong>
<ul>
 	<li><strong>SEBI Registered Research Analyst at MIR-Uniserv</strong> (Jun 2020 - Present)
As Head of the Research Analyst Firm, Saurabh focuses on the capital markets ecosystem, including stock exchanges, quantitative analysis, and algorithm models based on publicly available stock data.</li>
 	<li><strong>Project Manager at Metamorphose Projects LLP</strong> (Nov 2017 - Jun 2020)
Built financial products for educational services, focusing on financial modeling and statement analysis.</li>
 	<li><strong>Broking Industry and Algorithmic Platforms
</strong>Provided expertise in trading strategies and algorithmic development with leading technology providers, including Symphony Fintech.</li>
 	<li><strong>Financial Markets Analyst and Trader
</strong>Engaged in market analysis, strategy development, and trading, specializing in derivatives and commodities.</li>
</ul>
<strong>Education &amp; Certifications:</strong>
<ul>
 	<li><strong>Postgraduate in Financial Management</strong>: BITS Pilani</li>
 	<li><strong>Bachelor of Science in Computer Science Engineering</strong></li>
 	<li><strong>Digital Marketing and Analytics:</strong> Indian School of Business</li>
</ul>","We highly esteem our customers and are dedicated to delivering top-notch services. It is important for our clients to understand that we do not provide a 100% guarantee on our calls and, therefore, cannot facilitate any refunds for subscriptions, irrespective of an individual client’s performance. Once a service has been subscribed to and payment has been processed, it is non-cancellable and non-refundable under any circumstances. In the event that a client is dissatisfied with our services, they may contact us for guidance on future calls, and we will exert our best efforts to enhance satisfaction. However, requests for service cancellation or refunds will not be entertained, as we have transparently communicated the associated risks, including potential loss of capital and gains, to all clients prior to subscribing to our services.

<strong>We strongly advise our prospective clients to:</strong>
<ul>
 	<li>Thoroughly review all information regarding our services and the support provided.</li>
 	<li>Familiarize themselves with our Terms and Conditions.</li>
 	<li>Review our Privacy Policy and Refund Policy.</li>
 	<li>Acknowledge that no refunds are possible under any circumstances.</li>
</ul>
We urge individuals to make payments only after carefully reading and understanding all terms, disclaimers, and the refund policy.",,83
Neha,Gupta,8448956276,"C101, Maharana Pratap Enclave, Pitam Pura",Delhi,New Delhi,110034,https://signalz.pro/wp-content/uploads/2025/02/Neha-Gupta.png,"English, Hindi",10,Proprietor,Wealth Magnet,"Equity, Future & Options, Commodity","Technical Analysis, Fundamental Analysis, Potential Multibaggers","NISM Certified Research Analyst XV, CA Intermediate","{'entity': 'SEBI', 'registrationId': 'INH000016542', 'affiliationValidity': 'Perpetual', 'registration_date\t': '20240621'}, {'entity': 'BSE', 'registrationId': '6191', 'affiliationValidity': '', 'registration_date\t': ''}",87997 66762,,"NBCC Complex, Office Tower-1,
8th Floor, Plate B, East Kidwai Nagar,
New Delhi - 110023",Individual,RA,54,,Neha Gupta,"Neha Gupta is a SEBI Registered Research Analyst (RA No: INH000016542), a CA Intermediate, and holds a Master’s degree in Finance. As an experienced options seller and the founder of Wealth Magnet, she is dedicated to simplifying complex finance and trading concepts for everyone. Through her expertise in financial markets, she empowers traders and investors with valuable insights, helping them navigate the world of trading with confidence.

With over a decade of experience in the financial markets, Neha is specialized in swing trading and options selling strategies. Known for her deep market insights and data-driven approach, she has successfully guided traders and investors toward consistent profitability.

Expertise &amp; Approach
📌 Swing Trading – Identifying high-probability setups for short- to medium-term gains in equities and indices.
📌 Options Selling – Implementing low-risk, high-reward strategies using advanced risk management techniques.
📌 Technical &amp; Fundamental Analysis – Combining technical indicators, price action, and macroeconomic factors for well-informed trade decisions.
📌 Portfolio Optimization – Helping clients build a balanced trading portfolio with a focus on capital protection and steady returns.

Industry Recognition &amp; Track Record
🔹 10+ Years of Market Experience – A proven track record of navigating different market cycles with precision.
🔹 SEBI Registered – Committed to ethical and transparent trading practices.
🔹 Premium Research &amp; Advisory – Providing exclusive market insights, trade recommendations, and educational content.
🔹 Educator &amp; Mentor – Passionate about empowering traders through workshops, webinars, and mentorship programs.

Neha Gupta’s mission is to simplify the complexities of the stock market, enabling traders and investors to make informed, strategic, and profitable decisions.

📢 Follow her insights and take your trading journey to the next level! Follow her posts on Signalz feed for expert analysis, trading strategies, and financial insights.","Neha Gupta Proprietor of Wealth Magnet (Sole Proprietor) is registered with SEBI as Individual Research Analyst vide Registration number INH000016542 on June 21, 2024 pursuant to which it provides Research Analyst services to its clients.
<ul>
 	<li>Investment in securities market is subject to market risks. Read all the related documents carefully before investing.</li>
 	<li>Registration granted by SEBI and certification from NISM is no way guarantee performance of the intermediary or provide any assurance of returns to investors.</li>
 	<li>I am not affiliated with any other intermediaries or receive any brokerage or commission from any third party.</li>
 	<li>The SEBI has issued no penalties/directions under the SEBI Act or any other regulatory body.</li>
 	<li>I do not recommend any stock broker or other intermediary to a client, nor do I receive any consideration by way of remuneration or compensation or in any other form whatsoever from the stock broker or another intermediary.</li>
 	<li>Investment in equity shares has its own risks. Sincere efforts have been made to present the right investment perspective. The information contained herein is based on analysis and on sources that I consider reliable. I, however does not vouch for the consistency or the completeness thereof. This material is for personal information and I am not responsible for any loss incurred due to it &amp;amp; take no responsibility whatsoever for any financial profits or loss which may arise from the recommendations above.</li>
 	<li>I do not provide any promise or assurance of favourable view for a particular industry or sector or business group in any manner. The investor is requested to take into consideration all the risk factors including their financial condition and suitability to risk return profile before investing.</li>
 	<li>I or any other person related to me might be holding positions in the stocks recommended.</li>
 	<li>The research recommendations are provided to all our clients who are entitled to receive the research reports. Any Client (Paid or Unpaid), any third party or anyone else have no rights to forward or share our calls or SMS or Reports or Any Information Provided by us to/with anyone (through any medium) which is received directly or indirectly by them. If found so, then serious legal actions can be taken.</li>
 	<li>I ensure that the individuals employed as research analyst are separate from other employees who are performing sales trading, dealing, corporate finance advisory or any other activity that may affect the independence of our research report/recommendations. However, these individuals may receive feedback from sales or trading personnel of brokerage division to ascertain the impact of research report/recommendations.</li>
 	<li>I also ensure that if a client wants an opinion on a specific position, such suggestion/view under any circumstances shall be considered as an opinion (not advice). I am not liable for any losses whatsoever the client may incur in accepting this opinion.</li>
 	<li>I do not have any association in any manner with any issuer of products/securities; this ensures that there are no actual or potential conflicts of interest. This also ensures that objectivity or independence in the carrying on research services is not compromised.</li>
 	<li>Stock trading is inherently risky, and you agree to assume complete and full responsibility for the outcomes of all trading decisions that you make.</li>
 	<li>Unlike an actual performance record, simulated results do not represent actual trading. No representation is being made that any account will or is likely to achieve profits or losses similar to those shown.</li>
 	<li>You, and not me, assume the entire cost and risk of any trading you choose to undertake. You are solely responsible for making your own investment decisions. If you choose to engage in transactions with or without seeking advice from a licensed and qualified financial advisor or entity, then such decision and any consequences flowing therefrom are your sole responsibility. I or any employees are in no way liable for the use of the information by others in investing or trading in investment vehicles.</li>
 	<li>I also encourage all investors to use the services as a resource to further their own research on all featured companies, stocks, sectors, markets and information presented on the site.</li>
 	<li>Everything posted on social media (Twitter/Facebook/Telegram/YouTube channel) is for education / illustration purposes and should not be counted as recommendations or investment advice.</li>
</ul>","1. About the Research Analyst: Neha Gupta Proprietor of Wealth Magnet is an Individual Research Analyst having its office at C101 Maharana Pratap Enclave, Pitam Pura New Delhi, New Delhi, National Capital Territory of Delhi, 110034. Neha Gupta was registered with SEBI as an Individual vide Registration number INH000016542 on June 21, 2024, pursuant to which it provides Research Analyst services to its clients.

2. About the Proprietor: Ms. Neha Gupta holds a degree in Masters in Commerce. She wants to use her skills and market knowledge to create services that will help people to reach their financial freedom and financial goals.

3. Details of Business activities: Ms. Neha Gupta provides research services on equity stocks, index, future and options and other derivatives. She offers short term and long-term recommendations. These recommendations are based on both fundamental and technical analysis.

4. Disciplinary History: There are no outstanding litigations or no disciplinary history against Wealth Magnet.

5. Terms and Conditions on which Research Report is being issued: Wealth Magnet has exercised due diligence in checking the correctness and authenticity of the information contained herein, so far as it relates to current and historical information, but does not guarantee its accuracy or completeness. The opinions expressed are based on our current research as of the date appearing in the material and may be subject to change from
time to time without notice. Wealth Magnet does not accept any liability arising from the use of this document or the information contained herein. The recipients of this material should rely on their own judgment and take their own professional advice before acting on this information. Wealth Magnet shall not be in any way responsible for any loss or damage that may arise to any person/s from any inadvertent error in the information contained, views and opinions expressed in this publication.

6. Wealth Magnet or its associates, including relatives-
-  do not hold any financial interest in the Company.
-  do not have any actual/beneficial ownership of more than 1% in the company.
-  do not have any other material conflict of interest.

7. Wealth Magnet or its associates are not affiliated with any other intermediaries or have received any brokerage or commission from any third party.

8. Wealth Magnet or its associates have not received any compensation from the Company covered by Research Analyst during the past twelve months.

9. Wealth Magnet or its associates have not managed or co-managed public offering of securities of the Company during the past twelve months.

10. Wealth Magnet or its associates has not served as an officer, director or employee of the Company and has not been engaged in the market making activity of the Company.

11. Wealth Magnet have ensured that the facts mentioned in the research report are taken from the reliable source and information. However, the investors are advised to independently evaluate the market conditions/ risks involved before making the investment advice.",100
Vineet,Chawla,9021335051,"23, Red Cross Road, Opposite South Indian bank",Maharashtra,Nagpur,440001,https://signalz.pro/wp-content/uploads/2025/03/VineetChawla.png,"English, Hindi",10,,,"Future & Options, Equity","Technical Analysis, Open Interest Analysis",NISM Research Analyst XV,"{'entity': 'SEBI', 'registrationId': 'INH000008190', 'affiliationValidity': 'Perpetual', 'registration_date\t': ''}, {'entity': 'BSE', 'registrationId': '5433', 'affiliationValidity': '', 'registration_date\t': ''}",9021335051,,"Plot No. C4-A, 'G' Block, Bandra-Kurla Complex, 
Bandra (East), Mumbai – 400051, 
Maharashtra",Individual,RA,64,,Vineet Chawla,"RA Vineet Chawla is a SEBI-registered Research Analyst with 10+ years of experience in the Indian stock market. Vineet started his journey in 2014, when he took a risk and started trading options with his family's money.  After overcoming initial setbacks, he developed and refined strategies that consistently delivered returns. His expertise is built on a decade of learning, adapting, and thriving in the markets. In past he has also been recognised as one of the most consistent traders on various platforms. With a decade of market insight, he is now dedicated to delivering exceptional results and service.","Investment in securities market are subject to market risks. Read all the related documents carefully before investing.

Registration granted by Securities and Exchange Board of India “SEBI”, membership of a SEBI recognized supervisory body i.e. BSE and certification from National Institute of Securities Market “NISM” in no way guarantee performance of the intermediary or provide any assurance of returns to investors","The views expressed are solely based on analysis of information available publicly and believed to be true based on reliable information.
Past performance does not guarantee any future returns. Use of the information herein is at one's own risk.Investors are not being offered any
guaranteed or assured returns; neither the principal nor appreciation on the investments.

Research analyst and/or their associates does not deal or trade directly or indirectly in securities that he reviews in a manner contrary to his given
recommendation.

The entity does not receive any remuneration or compensation in any form from any other person with respect to the recommendation given
except from the clients for whom it is intended.

Neither the Research Analyst nor its authorised representative/s will be held responsible for any unintended errors in the report's information,
and they will not be liable for any direct or indirect damages, including lost revenue or profits, resulting from the use of this information.",100
Vishal,Trehan,9711490798,"G 1006, Corona Optus, Sector 37C",Haryana,Gurgaon ,122001,https://signalz.pro/wp-content/uploads/2024/12/Vishal-Trehan-e1734021697846.jpg,"English, Hindi",14,,,"Equity, Future & Options","Technical Analysis, Fundamental Analysis, Algo Trading, Long-Term Investment, Swing Trading, Positional Trading",,"{'entity': 'SEBI', 'registrationId': 'INH000016816', 'affiliationValidity': 'Perpetual', 'registration_date\t': ''}, {'entity': 'BSE', 'registrationId': '6214', 'affiliationValidity': '', 'registration_date\t': ''}",9711490798,,"NBCC Complex, Office Tower-1, 8th Floor, Plate B, East Kidwai Nagar, New Delhi - 110023",Individual,RA,50,,Vishal Trehan,"<span style=""font-weight: 400;"">Vishal Trehan brings over 14 years of diverse corporate experience, including roles in consulting, banking, and private equity. A seasoned professional with an MBA in Finance from Guru Nanak Dev University, Amritsar, he has worked with industry-leading organizations such as Ernst &amp; Young, Genpact, and State Bank of India. </span><span style=""font-weight: 400;"">In the private equity space since 2014, Vishal contributed to one of Europe’s top 10 private equity players, preparing investment pitch books, valuation models, and strategies.</span>

<span style=""font-weight: 400;"">Vishal’s journey into the stock market spans more than a decade. He started with cash-based long stock investing, progressed to derivative trading, and is now leveraging Algo Trading, a cutting-edge technology that eliminates emotional biases and enhances decision-making through data-driven strategies. As the Founder and CEO of Aauriga Quantrade, a fintech firm specializing in Algo Trading solutions, he empowers retail investors to adopt advanced trading methodologies backed by back-tested, profitable strategies.</span>

<span style=""font-weight: 400;"">As a mentor at Signalz, Vishal Trehan brings his deep expertise in technical and fundamental analysis to guide clients across swing, positional, and long-term investment strategies. His hands-on experience with Algo Trading and quantitative approaches offers clients access to innovative solutions that optimize their trading outcomes while minimizing risks.</span>

<span style=""font-weight: 400;"">Vishal’s data-centric approach ensures that the investment advice provided on Signalz is well-researched and backed by empirical evidence. By leveraging his extensive experience in market analysis, portfolio optimization, and stock selection, he aims to enhance clients’ financial literacy and help them achieve their investment goals with confidence.</span>

&nbsp;","Vishal Trehan is registered with SEBI as Research Analyst with INH000016816 as the SEBI  registration number. The registered office address of Vishal Trehan is G 1006, Corona Optus Society, Sector 37C, Gurgaon 122001.
“Registration granted by SEBI, and certification from NISM in no way guarantee performance of the Research Analyst or provide any assurance of returns to investors”
“Investment in securities market are subject to market risks. Read all the related documents carefully before investing.”","Vishal Trehan is registered with SEBI as Research Analyst with INH000016816 as the SEBI registration number. The registered office address of Vishal Trehan is G 1006, Corona Optus Society, Sector 37C, Gurgaon 122001.

The content and data available in the material prepared by the company and on the website of the company, including but not limited to index value, return numbers and rationale are for information and illustration purposes only. Charts and performance numbers do not include the impact of transaction fee and other related costs. Past performance does not guarantee future returns and performances of the portfolios are subject to market risk. Data used for calculation of historical returns and other information is provided by exchange approved third party vendors and has neither been audited nor validated by the Company.

Information present in the material prepared by the company and on the website of the company shall not be considered as a recommendation or solicitation of an investment. Investors are responsible for their investment decisions and are responsible to validate all the information used to make the investment decision. Investor should understand that his/her investment decision is based on personal investment needs and risk tolerance, and information present in the material prepared by the company and on the website of the company is one among many other things that should be considered while making an investment decision.

Investments in the securities market are subject to market risks. Read all the related documents carefully before investing.

Registration granted by SEBI, membership of BASL (in case of IAs) and certification from NISM in no way guarantee performance of the intermediary or provide any assurance of returns to investors. The investor is requested to take into consideration all the risk factors before actually trading in
derivative contracts. We and our associates, officers, directors, and employees, Research Analyst (including relatives) worldwide may: (a) from time to time, have long or short positions in, and buy or sell the securities thereof, of company (ies) forming part of the products or reports created by the company or (b) may have other potential/material conflict of interest with respect to any company(ies) in various products or reports created by the company. Any such positions of conflict of interest will be appropriately disclosed and dealt with in accordance with applicable law.

The Company does not provide any promise or assurance of favorable view for a particular industry or sector or business group in any manner. The investor is requested to take into consideration all the risk factors including their financial condition, suitability to risk return profile and take professional advice before investing.

The analysts for various products or reports created by the company certify that all of the information /material therein accurately reflect his or her personal views about the subject company or companies and its or their securities, and no part of his or her compensation was, is or will be, directly or indirectly related to company(ies) in various products or reports created by the company. No part of this material may be duplicated in any form and/or redistributed without the prior written consent of the Company.",93
Shashank,Bansal,9867705518,"Front Block, B-37/193 A Birdopur,
Mahmoorganj, Varanasi",Uttar Pradesh,Varanasi,221010,https://signalz.pro/wp-content/uploads/2024/10/ShashankBansal_New-1.png,"English, Hindi",5,,Trade Pathshala,"Equity, Future & Options","Fundamental Analysis, Technical Analysis, Algorithmic Trading, Value Stocks",,"{'entity': 'SEBI', 'registrationId': 'INH000010715', 'affiliationValidity': 'Perpetual', 'registration_date\t': '20221109'}, {'entity': 'BSE', 'registrationId': '5668', 'affiliationValidity': '', 'registration_date\t': ''}",9129956665,,"NBCC Complex, Office Tower-1,
8th Floor, Plate B, East Kidwai Nagar,
New Delhi - 110023
Tel. Board: +91-011-69012998
E-mail : sebinro@sebi.gov.in",Individual,RA,42,,Shashank Bansal,"<b>RA Shashank Bansal</b> is a highly experienced and respected <b>SEBI-registered Research Analyst</b> with over <b>5 years of expertise</b> in the financial markets. Shashank’s deep understanding of <b>fundamental and technical analysis</b>, coupled with his proficiency in <b>algorithmic trading</b>, has positioned him as a sought-after expert for clients seeking reliable, well-researched investment strategies. His professional experience spans multiple segments of the financial industry, with a particular focus on <b>equity</b> and <b>derivatives</b> markets.

Shashank's approach combines a thorough analysis of market trends with a deep understanding of client needs. His <b>fundamental analysis</b> delves into company valuations, economic indicators, and long-term investment potential, while his <b>technical analysis</b> provides critical insights into market movements, trends, and short-term trading opportunities. His expertise in <b>algorithmic trading</b> allows him to incorporate advanced mathematical models and automated strategies into investment decision-making, enhancing the precision and efficiency of trading operations.

Fluent in <b>English</b> and <b>Hindi</b>, Shashank communicates seamlessly with a wide range of clients, making complex financial concepts accessible and understandable. His ability to provide both <b>individual investors</b> and <b>institutional clients</b> with tailored solutions has earned him a reputation for delivering <b>value-driven insights</b>.

As a mentor at <b>Signalz</b>, Shashank will provide users with valuable insights into both <b>equity</b> and <b>derivative</b> markets. With his <b>fundamental and technical analysis</b> expertise, he will offer personalized strategies that align with each user’s goals and risk tolerance. Shashank’s guidance on <b>algorithmic trading</b> will empower users to make more efficient and automated trading decisions, improving their chances of achieving consistent results in the markets. Whether for newcomers or seasoned traders, his mentorship will ensure that <b>Signalz users</b> benefit from well-researched, actionable insights, allowing them to make informed investment decisions and navigate the complexities of the stock market with confidence.

Through a combination of <b>practical experience</b>, <b>cutting-edge strategies</b>, and a deep commitment to education, Shashank continues to be a leader in the field of stock market analysis and investment strategy. His work is driven by the belief that with the right knowledge and guidance, anyone can succeed in the world of investing.","Please read the following very carefully.

​ Investments in securities market are subject to market risks. Read all the related documents carefully before investing.

Registration granted by SEBI and certification from NISM in no way guarantee performance of the intermediary or provide any assurance of returns to investors.

The fees is paid for research recommendations and is not refundable or cancellable under any circumstances. We do not provide any guaranteed profit or fixed returns or any other services. We charge fixed fees and do not operate on any profit sharing model. Images shared are for illustration purposes only. We are not responsible for any financial loss or any other loss incurred by the client. Please be fully informed about the risk and costs involved in trading and investing. Please consult your investment advisor before trading. Trade only as per your risk appetite and risk profile. Trading in options is risky due to its volatile nature. Upon accepting our service, you hereby accept that you fully understand the risks involved in trading. We advise the viewers to apply own discretion while referring testimonials shared by the client. Past performances and results are no guarantee of future performance. All recommendations shared are confidential and for the reference of paid members only. Any unapproved distribution of sensitive data will be considered as a breach of confidentiality and appropriate legal action shall be initiated. The recommendations must not be used as a singular basis of any investment decision. The views do not consider the risk appetite or the particular circumstances of an individual investor; readers are requested to take professional advice before investing and trading. Our recommendations should not be construed as investment advice. In case of any query, please email on bansal.shashank12@gmail.com Be rest assured, our team will get back to you and resolve your query. Please state your registered phone number while mailing us. Reports based on technical and derivative analysis center on studying charts of a stock's price movement, outstanding positions and trading volume, as opposed to focusing on a company's fundamentals and, as such, may not match with a report on a company's fundamentals. The research analyst or research entity or his associate or his relative do not have financial interest in the subject company. The research analyst or its associates or relatives, do not have actual/beneficial ownership of one per cent or more securities of the subject company, at the end of the month immediately preceding the date of publication of the research report or date of the public appearance. The research analyst or his associate or his relative do not have any other material conflict of interest at the time of publication of the research report or at the time of public appearance. The research analyst or its associates have not received any compensation from the subject company in the past twelve months. The research analyst or its associates have not managed or co-managed public offering of securities for the subject company in the past twelve months. The research analyst or its associates have not received any compensation for investment banking or merchant banking or brokerage services from the subject company in the past twelve months. The research analyst or its associates have not received any compensation for products or services other than investment banking or merchant banking or brokerage services from the subject company in the past twelve months. The research analyst or its associates have not received any compensation or other benefits from the subject company or third party in connection with the research report. The research analyst has not been engaged in market making activity for the subject company. The research analyst has not served as an officer, director or employee of the subject company. The research analyst did not receive any compensation or other benefits from the companies mentioned in the documents or third party in connection with preparation of the research documents. Accordingly, research Analyst does not have any material conflict of interest at the time of publication of the research documents. Trades shared on any public platform are for educational purposes only and should not be considered as sales or promotion. Please consult you investment advisor before taking any trade.",,95
Jeet B,Bhayani,8777676808,"37, Joy Narayan Santra Lane, Howrah Maidan, ",West Bengal,Howrah,711101,https://signalz.pro/wp-content/uploads/2025/02/Jeet-B-Bhayani.jpg,"English, Hindi, Gujarati, Bengali",4,Proprietor,Foxers Financials,"Equity, Future & Options","Fundamental Analysis, Technical Analysis",NISM Research Analyst Certification : Series-XV,"{'entity': 'SEBI', 'registrationId': 'INH000018142', 'affiliationValidity': 'Perpetual', 'registration_date\t': '20240802'}, {'entity': 'BSE', 'registrationId': '6356', 'affiliationValidity': '', 'registration_date\t': ''}",8777676808,,"L and T Chambers, 3rd Floor, 16, Camac Street, Kolkata - 700017",Individual,RA,59,,Jeet B Bhayani,"Jeet B Bhayani holds an MBA in Finance from OP Jindal University. As a SEBI registered analyst he is offering strategic investment insights and personalized recommendations to help clients optimize their portfolios, under the firm name Foxers Financials.

Our mission at Foxers Financials is to empower clients with the knowledge and tools they need to make informed investment decisions. We are dedicated to providing top-notch investment research, market insights, and strategies tailored to your unique financial needs. Through rigorous research and a deep understanding of market trends, we aim to build long-term relationships based on trust, transparency, and mutual success.","Investment in securities market is subject to market risks. Read all the related documents carefully before investing.

Trading in Futures &amp; Options (F&amp;O) carries high risk as it depends on market momentum.

Registration granted by SEBI &amp; Certification from NISM in no way guarantee performance of the intermediary or provide any assurance of returns to Investors.”

Past performance is no guarantee of future results.","1. Research entity or Research Analyst or his associate or his relative may have financial interest or actual / beneficial ownership of one per cent or more in the securities recommended in its personal portfolio at the end of the month immediately preceding the date of publication of the research report or date of the public appearance. Details of the same may be referred through the disclosures made at the time of advice.
2. There are no actual or potential conflicts of interest arising from any connection of Research entity or Research Analyst or his associate or his relative to or association with any issuer of products/ securities, including any material information or facts that might compromise its objectivity or independence in the carrying on of Research Analyst services. Such conflict of interest shall be disclosed to the client as and when they arise.
3. Research analyst or research entity or its associates or relatives, may have actual/beneficial ownership of one percent or more securities of the subject company, at the end of the month immediately preceding the date of publication of the research report or date of the public appearance or research recommendation. Details of the same may be referred through the disclosures made at the time of advice.
4. Research entity or Research analyst or its associate or relatives has no connection or association of any sort with any issuer of products/ securities recommended herein.
5. Research analyst or his associate or his relative has no actual or potential conflicts of interest arising from any connection to or association with any issuer of products/ securities, including any material information or facts that might compromise its objectivity or independence in the carrying on of research and recommendations services.
6. Research entity or Research analyst or its associates has not received any kind of remuneration or consideration form the products/ securities recommended herein.
7. Research entity or Research analyst or its associates have not received any compensation from the subject company in past 12 months.
8. Research entity or Research analyst or its associates have not managed or co-managed the public offering of Subject Company in past 12 months.
9. Research entity or Research analyst or its associates have not received any compensation for investment banking or merchant banking of brokerage services from the subject company in past 12 months.
10. Research entity or Research analyst or its associates have received any compensation for products or services other than investment banking or merchant banking or brokerage services from the subject company in the past twelve months.
11. Research entity or Research analyst or its associates have not received any compensation or other benefits from the subject company or third party in connection with the research report or research recommendations.
12. Research entity or Research analyst or its associates have not received any compensation for products or services from the subject company in past 12 months.
13. The subject company is or was not a client of Research entity or Research analyst or its associates during twelve months preceding the date of distribution of the research report and recommendation services provided.
14. Research Analysts or its associates has not served as an officer, director or employee of the subject company.
15. Research Analysts has not been engaged in market making activity of the subject company.",100
Anupam,Bajpai,9713664727,"House No. B- 140 Silicon City, Rajendra Nagar",Madhya Pradesh,Indore,452011,https://signalz.pro/wp-content/uploads/2025/02/AnupamBajpai.jpeg,"Hindi, English",7,,,"Equity, Future & Options","Technical Analysis, Fundamental Analysis","NISM XV Research Analyst, Fundamental Analysis by NCFM, Investment Analysis and Portfolio Management by NCFM","{'entity': 'SEBI', 'registrationId': 'INH000016339', 'affiliationValidity': 'Perpetual', 'registration_date\t': '20240614'}, {'entity': 'BSE', 'registrationId': '6174', 'affiliationValidity': '', 'registration_date\t': ''}",9713664727,,"1st Floor, Satguru Parinay, 104-105, AB Rd, Opposite C-21 Mall, Scheme No 54, Indore, Madhya Pradesh 452010",Individual,RA,53,,Anupam Bajpai,"RA Anupam Bajpai is a SEBI-registered Research Analyst with over 7 years of diverse experience in this field. He completed his post-graduation MBA in Finance. He has been quite interested in the stock market since his school time. He started learning technical analysis and fundamental analysis and subsequently completed the courses in technical and fundamental analysis. He then started as a teacher of Technical analysis and fundamental analysis where is taught his students how to trade in the share market and become financially independent.

The market is a place where continuous learning and discipline are required as the moments are based on Various and variable things. And there is a lot to learn regularly. He emphasizes the importance of continuous learning and disciplined trading strategies, guiding his students to achieve long-term success. Recently he has given his opinion on equity cash, equity options, equity futures, and commodities.

His recommendations are based on a technical and fundamental analysis. Timing of entry and exit also plays an imperative role that's why one should continuously watch before and after our recommendation. Anupam is completely devoted to his work.

His approach to investing focuses on continuous learning and disciplined trading. His innovative methods and market analysis have earned him recognition in the trading community. He believes in understanding market trends deeply and making long-term, strategic investments. He emphasizes the importance of knowledge, discipline, and continuous learning in trading.","Standard Warning:  “Investment in securities market are subject to market risks. Read all the related documents carefully before investing.”

Disclaimer:

“Registration granted by SEBI, and certification from NISM in no way guarantee performance of the Research Analyst or provide any assurance
of returns to investors.

“The securities quoted, if any are for illustration only and are not recommendatory.""","➢ History, Present business and Background:
Research Analyst is registered with SEBI with Registration No. INH000016339. The firm got its registration on 14th June, 2024 and is engaged in research and recommendation Services.

The focus of Research Firm is to provide research and recommendations services to the clients. Analyst aligns its interests with those of the client and seeks to provide well researched services.

➢ Terms and conditions of Research and Recommendation Services: Terms and conditions of Research and Recommendation Services are detailed in the terms and condition document. Please refer to the same for details.

➢ Disciplinary history:
Terms and conditions of Research and Recommendation Services are detailed in the terms and condition document. Please refer to the same for details.
There are no pending material litigations or legal proceedings, findings of inspections or investigations for which action has been taken or initiated by any regulatory authority against the Research Firm, Research Analyst or its associates or relatives.

➢ Details of its associates:
No Associates

➢ Disclosures with respect to Research and Recommendations Services:

• Research Firm or Research Analyst or his associate or his relative may have financial interest or actual / beneficial ownership of one per cent or more in the securities recommended in its personal portfolio at the end of the month immediately preceding the date of publication of the research report or date of the public appearance. Details of the same may be referred through the disclosures made at the time of recommendation.

• There are no actual or potential conflicts of interest arising from any connection of Research Firm or Research Analyst or his associate or his relative to or association with any issuer of products/ securities, including any material information or facts that might compromise its objectivity or independence in the carrying on of Research Analyst services. Such conflict of interest shall be disclosed to the client as and when they arise.

• Research analyst or research Firm or its associates or relatives, may have actual/beneficial ownership of one per cent or more securities of the subject company, at the end of the month immediately preceding the date of publication of the research report or date of the public appearance or research recommendation. Details of the same may be referred through the disclosures made at the time of recommendation.

• Research Firm or Research analyst or its associate or relatives has no connection or association of any sort with any issuer of products/ securities recommended herein.

• Research analyst or his associate or his relative has no actual or potential conflicts of interest arising from any connection to or association with any issuer of products/securities, including any material information or facts that might compromise its objectivity or independence in the carrying on of research and recommendations services.

• Research Firm or Research analyst or its associates has not received any kind of remuneration or consideration form the products/ securities recommended herein.

• Research Firm or Research analyst or its associates have not received any compensation from the subject company in past 12 months.

• Research Firm or Research analyst or its associates have not managed or co-managed the public offering of Subject Company in past 12 months.

• Research Firm or Research analyst or its associates have not received any compensation for investment banking or merchant banking of brokerage services from the subject company in past 12 months.

• Research Firm or Research analyst or its associates have received any compensation for products or services other than investment banking or merchant banking or brokerage services from the subject company in the past twelve months.

• Research Firm or Research analyst or its associates have not received any compensation or other benefits from the subject company or third party in connection with the research report or research recommendations.

• Research Firm or Research analyst or its associates have not received any compensation for products or services from the subject company in past 12 months.

• The subject company is or was not a client of Research Firm or Research analyst or its associates during twelve months preceding the date of distribution of the research report and recommendation services provided.

• Research Analysts or its associates has not served as an officer, director or employee of the subject company.

• Research Analysts has not been engaged in market making activity of the subject company.",97
Hitesh,Chauhan,8347266267,"11, Munisuvrat App., Opp. Trishali Pavbhaji, ",Gujarat,Jamnagar,361001,https://signalz.pro/wp-content/uploads/2024/09/P1010516-1.jpg,"English, Hindi , Gujrati",20,PROPRIETOR ,H2 INVESTMENT MANAGERS,Equity,"Fundamental Analysis, Values and Growth Analysis, Technical Analysis",Nism Series XV,"{'entity': 'SEBI', 'registrationId': 'INH000007030', 'affiliationValidity': 'Perpetual', 'registration_date\t': ''}, {'entity': 'BSE', 'registrationId': '5338', 'affiliationValidity': '', 'registration_date\t': ''}",8347266267,,"SEBI Bhavan, Western Regional Office,
Panchvati 1st Lane, Gulbai Tekra Road,
Ahmedabad - 380006, Gujarat
Tel. Board: 079-27467018-20
E-mail : sebiwro@sebi.gov.in",Individual,RA,22,,Hitesh Chauhan,"<div class=""jO4O1"">
<div class=""ptNLrf"">
<div style=""text-align: left"" data-is-tv=""false"">

<strong>""Quality is never an accident; it is always the result of high intention, sincere effort, intelligent direction, and skillful execution; it represents wise choice of many alternatives.""</strong>-<strong>William A. Foster</strong>

&nbsp;

<span style=""font-weight: 400"">CA Hitesh Chauhan is a highly experienced Chartered Accountant and SEBI-registered Research Analyst with over 20 years in the equity markets. As the Proprietor of </span><b>H2 Investment Managers</b><span style=""font-weight: 400"">, Hitesh has built a successful career as an equity adviser for high-net-worth individuals (HNIs) and now focuses on full-time investing and advising.</span>

<span style=""font-weight: 400"">Hitesh’s journey through the ups and downs of the market has taught him invaluable lessons about building wealth through patience and informed decision-making. His investment philosophy is inspired by <strong>Warren Buffett’s wisdom: “You can’t produce a baby in 1 month by getting nine women pregnant.”</strong> Hitesh believes that <strong>success in the stock market requires ongoing learning and a long-term perspective</strong>.</span>

&nbsp;

<b>Investment Philosophy:</b>

<span style=""font-weight: 400"">Hitesh’s approach to investing centers on identifying stocks and sectors with a clear uptrend. He looks for companies with strong earnings growth, impressive return ratios, and ethical management practices. Hitesh looks for businesses with solid balance sheets and low debt levels, ensuring that his investments are both fundamentally sound and positioned for future success.</span>

&nbsp;

<span style=""font-weight: 400"">At </span><b>Signalz,</b><span style=""font-weight: 400""> Hitesh applies his extensive knowledge and investment experience to help clients make informed decisions and achieve their financial goals. Through Signalz, he offers expert advice and educational resources for those looking to understand the complexities of the stock market.</span>

&nbsp;

<b>Work Experience</b>

<b>20+ Years Experience</b>
<ul>
 	<li><b>H2 Investment Managers</b></li>
</ul>
<span style=""font-weight: 400"">        Proprietor,  Equity Research Analyst</span>
<ul>
 	<li><b>Institute of Chartered Accountants of India (ICAI)</b></li>
</ul>
<span style=""font-weight: 400"">         Lecturer on Equity Markets at ICAI DMBF course as well as ICAI Branch.</span>

</div>
</div>
</div>","<span data-sheets-root=""1"" data-sheets-value=""{&quot;1&quot;:2,&quot;2&quot;:&quot;Hitesh Chauhan (Proprietor of H2 INVESTMENT MANAGERS) is a Chartered Accountant and SEBI registered Research Analyst (INH000007030).\nInvestments in securities market are subject to market risks. Read all the related documents carefully before investing. Registration granted by SEBI, membership of BASL (in case of IAs) and certification from NISM in no way guarantee performance of the intermediary or provide any assurance of returns to investors&quot;}"" data-sheets-userformat=""{&quot;2&quot;:513,&quot;3&quot;:{&quot;1&quot;:0},&quot;12&quot;:0}"">Investments in securities market are subject to market risks. Read all the related documents carefully before investing. Registration granted by SEBI, Enlistment as RA with Exchange and certification from NISM in no way guarantee performance of the intermediary or provide any assurance of returns to investors.</span>","<p style=""text-align: left"">HITESH TULSIBHAI CHAUHAN PROPRIETOR OF H2 INVESTMENT MANAGERS is registered with SEBI with INH000007030 as the SEBI registration number. The registered office address of HITESH TULSIBHAI CHAUHAN PROPRIETOR OF H2 INVESTMENT MANAGERS is 11, Munisuvrat App., Opp. Trishali Pavbhaji, Jamnagar, Gujarat-361001.</p>
<p style=""text-align: left"">Information present in the material prepared by the company and on the website of the company shall not be considered as a recommendation or solicitation of an investment. Investors are responsible for their investment decisions and are responsible to validate all the information used to make the investment decision. Investor should understand that his/her investment decision is based on personal investment needs and risk tolerance, and information present in the material prepared by the company and on the website of the company is one among many other things that should be considered while making an investment decision. Compliance Office Details<strong>: </strong>Name: Hitesh  Tulsibhai Chauhan Email: h2investmentmanagers@gmail.com Contact: 9879593296 Grievance Office Details<strong>: </strong>Name: Hitesh  Tulsibhai Chauhan Email: h2investmentmanagers@gmail.com Contact: 9879593296.</p>
Please note, I do not provide any execution or distribution service. I am not affiliated to any broker, Mutual fund house or any other financial intermediary to promote or endorse their product &amp; services. Furthermore, I am not registered as Investment advisor and do not provide any customized investment advisory service.

<strong>Disciplinary History</strong>
<p style=""text-align: left"">The Company has neither been suspended nor debarred from doing business by any Stock Exchange/ SEBI or any other authorities; nor has its certificate of registration been cancelled by SEBI at any point of time.</p>
<p style=""text-align: left"">The Company is not engaged in merchant banking, investment banking or any brokerage services.</p>
<p style=""text-align: left"">For the purpose of this Disclosure Document, Research Analyst is <span data-sheets-root=""1"" data-sheets-value=""{&quot;1&quot;:2,&quot;2&quot;:&quot;HITESH TULSIBHAI CHAUHAN PROPRIETOR OF H2 INVESTMENT MANAGERS is registered with SEBI with INH000007030 as the SEBI registration number. The registered office address of HITESH TULSIBHAI CHAUHAN PROPRIETOR OF H2 INVESTMENT MANAGERS is 11, Munisuvrat App., Opp. Trishali Pavbhaji, Jamnagar, Gujarat-361001.\n\nInformation present in the material prepared by the company and on the website of the company shall not be considered as a recommendation or solicitation of an investment. Investors are responsible for their investment decisions and are responsible to validate all the information used to make the investment decision. Investor should understand that his/her investment decision is based on personal investment needs and risk tolerance, and information present in the material prepared by the company and on the website of the company is one among many other things that should be considered while making an investment decision.\n\nThe Company has neither been suspended nor debarred from doing business by any Stock\nExchange / SEBI or any other authorities; nor has its certificate of registration been cancelled by SEBI at any point of time.\nThe Company is not engaged in merchant banking, investment banking or any brokerage\nservices.\n\nContact Details:\nSupport Telephone: 8347266267\nSupport Email: h2investmentmanagers@gmail.com\n\nCompliance Office Details:\nName: HITESH TULSIBHAI CHAUHAN\nEmail: h2investmentmanagers@gmail.com\nContact: 9879593296\n\nGrievance Office Details:\nName: HITESH TULSIBHAI CHAUHAN\nEmail: h2investmentmanagers@gmail.com\nContact: 9879593296&quot;}"" data-sheets-userformat=""{&quot;2&quot;:513,&quot;3&quot;:{&quot;1&quot;:0},&quot;12&quot;:0}""><strong>HITESH TULSIBHAI CHAUHAN PROPRIETOR OF H2 INVESTMENT MANAGERS</strong></span><strong>, </strong>(hereinafter referred as “Research Entity”)</p>
<p style=""text-align: left""><em><strong><span style=""text-decoration: underline"">A. Descriptions about “Research Entity</span>”</strong></em></p>
<p style=""text-align: left""><strong>History, Present business and Background</strong></p>
<p style=""text-align: left"">Research Entity is registered with SEBI as Research Analyst with Registration No. <span data-sheets-root=""1"" data-sheets-value=""{&quot;1&quot;:2,&quot;2&quot;:&quot;HITESH TULSIBHAI CHAUHAN PROPRIETOR OF H2 INVESTMENT MANAGERS is registered with SEBI with INH000007030 as the SEBI registration number. The registered office address of HITESH TULSIBHAI CHAUHAN PROPRIETOR OF H2 INVESTMENT MANAGERS is 11, Munisuvrat App., Opp. Trishali Pavbhaji, Jamnagar, Gujarat-361001.\n\nInformation present in the material prepared by the company and on the website of the company shall not be considered as a recommendation or solicitation of an investment. Investors are responsible for their investment decisions and are responsible to validate all the information used to make the investment decision. Investor should understand that his/her investment decision is based on personal investment needs and risk tolerance, and information present in the material prepared by the company and on the website of the company is one among many other things that should be considered while making an investment decision.\n\nThe Company has neither been suspended nor debarred from doing business by any Stock\nExchange / SEBI or any other authorities; nor has its certificate of registration been cancelled by SEBI at any point of time.\nThe Company is not engaged in merchant banking, investment banking or any brokerage\nservices.\n\nContact Details:\nSupport Telephone: 8347266267\nSupport Email: h2investmentmanagers@gmail.com\n\nCompliance Office Details:\nName: HITESH TULSIBHAI CHAUHAN\nEmail: h2investmentmanagers@gmail.com\nContact: 9879593296\n\nGrievance Office Details:\nName: HITESH TULSIBHAI CHAUHAN\nEmail: h2investmentmanagers@gmail.com\nContact: 9879593296&quot;}"" data-sheets-userformat=""{&quot;2&quot;:513,&quot;3&quot;:{&quot;1&quot;:0},&quot;12&quot;:0}""><strong>INH000007030</strong> </span>. The firm got its registration on Apr 09, 2019 and is engaged in research and recommendation Services.</p>
<p style=""text-align: left"">The focus of Research entity is to provide research and recommendations services to the clients. Analyst aligns its interests with those of the client and seeks to provide the best suited services.</p>
<p style=""text-align: left""><strong>Terms and conditions of Research and Recommendation Services</strong></p>
<p style=""text-align: left"">Terms and conditions of Research and Recommendation Services are detailed in the terms and condition document. Please refer to the same for details.</p>
<p style=""text-align: left""><strong>Disciplinary history</strong></p>
<p style=""text-align: left"">i. No penalties have been issued by SEBI under the SEBI Act or Regulations made there under against the Research entity, Research Analyst or its associates or relatives.</p>
<p style=""text-align: left"">ii. There are no pending material litigations or legal proceedings, findings of inspections or investigations for which action has been taken or initiated by any regulatory authority against the Research entity, Research Analyst or its associates or relatives.</p>
<p style=""text-align: left""><strong>Details of its associates</strong></p>
<p style=""text-align: left"">No Associates</p>
<p style=""text-align: left""><span style=""text-decoration: underline""><strong><em>B.  Disclosures with respect to Research and Recommendations Services</em></strong></span></p>
<p style=""text-align: left""><b>• </b>Research entity or Research Analyst or his associate or his relative may have financial interest or actual / beneficial ownership of one per cent or more in the securities recommended in its personal portfolio at the end of the month immediately preceding the date of publication of the research report or date of the public appearance. Details of the same may be referred through the disclosures made at the time of advice.</p>
<p style=""text-align: left""><b>• </b>There are no actual or potential conflicts of interest arising from any connection of Research entity or Research Analyst or his associate or his relative to or association with any issuer of products/ securities, including any material information or facts that might compromise its objectivity or independence in the carrying on of Research Analyst services. Such conflict of interest shall be disclosed to the client as and when they arise.</p>
<p style=""text-align: left""><b>• </b>Research analyst or research entity or its associates or relatives, may have actual/beneficial ownership of one per cent or more securities of the subject company, at the end of the month immediately preceding the date of publication of the research report or date of the public appearance or research recommendation. Details of the same may be referred through the disclosures made at the time of advice.</p>
<p style=""text-align: left""><b>• </b>Research entity or Research analyst or its associate or relatives has no connection or association of any sort with any issuer of products/ securities recommended herein.</p>
<p style=""text-align: left""><b>• </b>Research analyst or his associate or his relative has no actual or potential conflicts of interest arising from any connection to or association with any issuer of products/ securities, including any material information or facts that might compromise its objectivity or independence in the carrying on of research and recommendations services.</p>
<p style=""text-align: left""><b>• </b>Research entity or Research analyst or its associates has not received any kind of remuneration or consideration form the products/ securities recommended herein.</p>
<p style=""text-align: left""><b>• </b>Research entity or Research analyst or its associates have not received any compensation from the subject company in past 12 months.</p>
<p style=""text-align: left""><b>• </b>Research entity or Research analyst or its associates have not managed or co-managed the public offering of Subject Company in past 12 months.</p>
<p style=""text-align: left""><b>• </b>Research entity or Research analyst or its associates have not received any compensation for investment banking or merchant banking of brokerage services from the subject company in past 12 months.</p>
<p style=""text-align: left""><b>• </b>Research entity or Research analyst or its associates have received any compensation for products or services other than investment banking or merchant banking or brokerage services from the subject company in the past twelve months</p>
<p style=""text-align: left""><b>• </b>Research entity or Research analyst or its associates have not received any compensation for products or services from the subject company in past 12 months.</p>
<p style=""text-align: left""><b>• </b>The subject company is or was not a client of Research entity or Research analyst or its associates during twelve months preceding the date of distribution of the research report and recommendation services provided.</p>
<p style=""text-align: left""><b>• </b>Research Analysts or its associates has not served as an officer, director or employee of the subject company.</p>
<p style=""text-align: left""><b>• </b>Research Analysts has not been engaged in market making activity of the subject company.</p>
<strong><em><u>General Disclosure</u></em></strong>
<ol>
 	<li>The Research Analyst has not served as an officer, director or employee of the subject Company.</li>
 	<li>The Research Analyst has not been engaged in market making activity for the subject Company.</li>
</ol>
<strong><em><u>Use of AI Tools in Providing research services</u></em></strong>

We use open-source tools like Gemini, ChatGPT, etc.

<strong><em><u>Definitions of Terms Used in recommendation / Research report</u></em></strong>

<strong>Buy</strong> – Buy means that the stock recommended to be bought either at Market or at price or within price band mentioned in the recommendation. Stock to be bought at Market or Current Market price (CMP) must be bought immediately or near the closing time of market at closing price. Stock with limit price order or where buying price or price band is mentioned, such stock can be bought at the price or within the price band mentioned.

<strong>Sell / Target</strong> – Sell or target price is the price at which stock must be sold. For Stocks which have reached to their target price or trading above target price must be sold upon reaching the target price or price band mentioned.

<strong>Hold</strong> – Hold means that a stock may be held and no exit is required. Hold recommendation is given if stock has not achieved its mentioned target or hit the mentioned stop loss price. Hold recommendation can also be given in case if research analyst is of opinion that even after reaching the target price, the stock may go beyond target price due to change in circumstances.

<strong>Stop loss price</strong> – Stop loss is a price at which the stock must be exited or sold due to adverse situation or market move contrary to recommendation. When the stop loss price is reached, stock can be exited immediately or near the close of trading session at price which is near the closing price. Second scenario is mentioned given the fact that sometimes the stop loss price is reached due to intraday volatility of market but it recovers towards the end of session showing the strength of stock &amp; in such case stock can be held. This mechanism helps the Investor from a wrong exit/ pre mature exit from stock. It must be noted, however, that if the stock is trading below/at stop loss near the closing trading time, then it must be exited.

<strong>Contact Details:</strong>
<ul>
 	<li>Support Telephone: 8347266267</li>
 	<li>Support Email: h2investmentmanagers@gmail.com</li>
</ul>",100
WealthTrust,Capital ,9819039347,"213, 2ND FLOOR, TURF ESTATE, SHAKTI MILL LANE, MAHALAXMI",Maharashtra,MUMBAI,400011,https://signalz.pro/wp-content/uploads/2025/04/wealthtrust_profile.jpg,"Hindi, English",15,,,"Equity, Future & Options","Long Term Trading, Positional Trading, Swing Trading, Momentum Trading, Currencies, Bonds, ETF","CFP from FPSB Board, NISM Research Analyst Series XV","{'entity': 'SEBI', 'registrationId': 'INH000011149', 'affiliationValidity': 'Perpetual', 'registration_date\t': '20221223'}, {'entity': 'BSE', 'registrationId': '5705', 'affiliationValidity': '', 'registration_date\t': ''}",9819039345,,"Plot no. C-7, ‘G’ Block, Bandra Kurla Complex, Bandra(E), Mumbai - 400051",Company,RA,41,,WealthTrust Capital ,"WealthTrust Capital Services (Partnership Firm for Investment Research &amp; Recommendation Services) is a SEBI Registered Research Analyst Firm. The partners have a decade of experience across investments. Their experience across business cycles aids in their research methodology and helps in outperformance across relevant benchmarks.

Sneha Jain (Founding Partner) has a Master’s Degree in Accounting &amp; Finance from the London School of Economics and has worked with reputed asset management companies like Pramerica Asset Managers Private Limited and HSBC Global Asset Management, India. She has more than a decade of work experience in investment management. Her experience is instrumental in developing the core offering. She has a vision to grow Indians investment exposure to capital markets to beat inflation and develop a sense of financial independence. She conducts various investment workshops for the new gen to take an interest in managing their finances.

Shubham Jha is the appointed Research Analyst, a CFP , and has experience of over 5 years in Equity Research, Portfolio management and Quant analysis.

His acumen in regards to the markets and how stocks are influenced by current events plays a big role in our portfolio building strategies. With good knowledge on technical and fundamentals, he brings strong understanding of fluctuations and engages in careful analysis to determine long term equity investments.","WealthTrust Capital Services SEBI Registered Research Analyst Registration No. INH000011149 DISCLOSURE WITH RESEARCH

WealthTrust Capital Services shall have no responsibility for any loss incurred from services, decisions/ actions taken on the market for stock transactions/Mutual Funds/ETF's, the information provided here is based on our knowledge and we do not ask/force you to take market positions in any particular investment.

This is no guaranteed return product or service. Markets are of risk and can never be eliminated. As per SEBI guidelines, we cannot guarantee the returns too.

Our clients (Paid or Unpaid), Any third party or anyone else have no rights to forward or share our investment ideas or SMS or Report or Any Information provided by us to / with anyone which is received directly or indirectly by them. If found so then Legal Actions can be taken.

WealthTrust Capital Services and their owners, partners, employees, affiliates, agents, representatives or subcontractors) shall not be liable for any loss or liability resulting, directly or indirectly, from delays or interruptions due to electronic or mechanical equipment failures, telephone interconnect problems, defects, weather, strikes, walkouts, fire, acts of God, riots, armed conflicts, acts of war, or other like causes.

Unauthorized attempts to upload information, change or delete information on our website or Signalz or online are strictly prohibited and punishable under Indian IT Act.

REFUND &amp; CANCELLATION POLICY: All sales are final. There will be ABSOLUTELY NO REFUNDS and CANCELLATIONS

We are SEBI registered Research Analyst Firm registered under the prevalent SEBI Regulations of Research Analyst

Payment of fee will only be through online or proper banking channel. No cash receipt will be accepted. The Amount of fee is the consideration for our services. We received your express and implied consent on the point that Fee is reasonable and fair for you.

We are not bound and liable for your market loss as profits and losses in equity are subjected to market risk. We are not responsible for any future liability arise under Prevention and Money Laundering Act, 2002 and other similar Act, Regulation, and rules.

Once the service starts then deposited fee is not refundable. Know your client and risk profiling is also the part of process. Execution of services is not our concern.  We never provide service like profit sharing, guaranteed profit, Sureshot, Jackpot etc.

All research that we conduct is based on Fundamental studies, Technical analysis and Primary market analysis. It has a model and methods to decide upon stocks/ETF and Mutual Funds and their buy sell prices. Though this has worked well in the past doesn’t guarantee to work all the time or every time in future.

Wealth Trust Capital Services or its associates/relatives do not currently hold any financial interest in the subject company. (or specify nature if applicable)

As of  [date], neither Wealth Trust Capital Services nor its associates/relatives own 1% or more securities of the subject company.

There are no other material conflicts of interest at the time of publication of this research report or public appearance.

Wealth Trust Capital Services and its associates have not received any compensation from the subject company in the past twelve months.

Wealth Trust Capital Services and its associates have not managed or comanaged public offerings of securities for the subject company in the past twelve months.

Wealth Trust Capital Services and its associates have not received compensation for investment banking, merchant banking, or brokerage services from the subject company in the past twelve months.

Wealth Trust Capital Services and its associates have not received compensation for products or services other than investment banking, merchant banking, or brokerage services from the subject company in the past twelve months.

Wealth Trust Capital Services and its associates have not provided any compensation or other benefits to the research analyst or research entity in connection with this research report.

Wealth Trust Capital Services was not a client during the twelve months preceding the date of distribution of this research report.

Wealth Trust Capital Services certifies that the research analyst has not served as an officer, director, or employee of the subject company.

Wealth Trust Capital Services and its associates have not been engaged in market-making activity for the subject company.

In accordance with the recent circular issued by SEBI dated 8th January 2024, pertaining to the conduct of Research Analysts (RAs) and Investment Advisers (IAs), we confirm that no AI tools are being used for any research, advisory, or recommendation-related activities.

WealthTrust Capital Services SEBI Registered Research Analyst

Registration No. INH000011149

Address - 213, 2nd Floor, Turf Estate, Shakti Mill Lane, Mahalaxmi, MUMBAI, MAHARASHTRA, 400011

Correspondence Address - Office Number 1, Aikya Signature, Naushir Barucha Marg, Sleater Road, Tardeo, MUMBAI, MAHARASHTRA, 400007","Investments in securities market are subject to market risks. Read all the related documents carefully before investing. Registration granted by SEBI, membership of BASL (in case of IAs) and certification from NISM in no way guarantee performance of the intermediary or provide any assurance of returns to investors.",100
Arihant,Capital,9669595827,"No.6, Lad Colony,",Madhya Pradesh,Indore,452001,https://signalz.pro/wp-content/uploads/2025/04/arihant_3.jpg,"English, Hindi",31,,,"Equity, Future & Options, Commodity","Technical Analysis, Fundamental Analysis",,"{'entity': 'SEBI', 'registrationId': 'INH000002764 ', 'affiliationValidity': 'Perpetual', 'registration_date\t': ''}, {'entity': 'BSE', 'registrationId': '5618', 'affiliationValidity': '', 'registration_date\t': ''}",9669595827,,"Plot No. C4-A, 'G' Block, Bandra Kurla Complex, Bandra (East), Mumbai – 400051, Maharashtra. ",Company,RA,69,,Arihant Capital,"Arihant Capital Markets Limited (“ACML”) is a full-service, Stock Broking Company and a member of National Stock Exchange of India Ltd, The Stock Exchange, Mumbai (BSE), The Multi Commodity Exchange of India Limited (MCX) and National Commodity and Derivatives Exchange Limited (NCDEX).

Arihant Capital Markets Limited is regulated by the Securities and Exchange Board of India (“SEBI”) and is licensed to carry on the business of broking, depository services and related activities.

Research services of ACML is offered through its Research Analyst certification with SEBI Registration No. INH000002764 and distributed as per SEBI (Research Analysts) Regulations 2014.",Registration granted by SEBI and certification from NISM in no way guarantee performance of the intermediary or provide any assurance of returns to investors. Investment in securities market are subject to market risks. Read all the related documents carefully before investing.,"Arihant Capital Markets Limited (“ACML”) is a full-service, Stock Broking Company and a member of National Stock Exchange of India Ltd, The Stock Exchange, Mumbai (BSE), The Multi Commodity Exchange of India Limited (MCX) and National Commodity and Derivatives Exchange Limited (NCDEX). Arihant Capital Markets Limited (Hereinafter referred to as “ACML”) is regulated by the Securities and Exchange Board of India (“SEBI”) and is licensed to carry on the business of broking, depository services and related activities. This Report has been prepared by ACML in the capacity of a Research Analyst having SEBI Registration No. INH000002764 and distributed as per SEBI (Research Analysts) Regulations 2014.

This report has been furnished to you for your general information only and should not be reproduced, re-circulated, published in any media, website or otherwise, in any form or manner, in part or as a whole, without the express consent in writing of Arihant Capital Markets Limited . This Research Report is meant solely for use by the original recipient to whom it is sent and is not for circulation. Any unauthorized use, disclosure or public dissemination or copying of information (either whole or partial) contained herein is prohibited.

This Report does not constitute a personal recommendation or take into account the particular investment objectives, financial situations, or needs of individual clients. The recommendations, if any, made herein are expression of views and/or opinions and should not be deemed or construed to be neither advice/offer for the purpose of purchase or sale of any securities mentioned herein. Past performance is not a guide for future performance, future returns are not guaranteed. Opinions expressed herein are subject to change without notice. Investor should rely on information/data arising out of their own investigations.

Investors are advised to seek independent professional advice and arrive at an informed trading/investment decision before executing any trades or making any investments. The price and value of the investments referred to in this material and the income from them may go down as well as up, and investor may realize losses on any investments. This Report has been prepared on the basis of publicly available information, internally developed data and other sources believed by us to be reliable. A graph of daily closing prices of securities is available at <a href=""https://www.arihantcapital.com/www.nseindia.com"" target=""_blank"" rel=""noopener"">www.nseindia.com</a>, <a href=""https://www.arihantcapital.com/www.bseindia.com"" target=""_blank"" rel=""noopener"">www.bseindia.com</a> Research Analyst views on Subject Company may vary based on Fundamental and Technical Research.

Arihant Capital Markets Limited or its directors, employees, affiliates or representatives do not assume any responsibility for, or warrant the accuracy, completeness, adequacy and reliability of such information / opinions / views. None of the directors, employees, affiliates or representatives of company shall be liable for any direct, indirect, special, incidental, consequential, punitive or exemplary damages/loss etc whatsoever from the information/opinions/views contained in this Report and investors are requested to use the information contained at their risk.

Arihant Capital Markets Limited and its connected companies, and their respective Directors, Officers and employees or their relative, may have a long or short position in the subject companies mentioned in the report and it may not be construed as potential conflict of interest with respect to any recommendation and related information and opinions. Reports based on technical and derivative analysis centre on studying charts company’s price movement, outstanding positions and trading volume, as opposed to focusing on a company’s fundamentals and, as such, may not match with a report on a company’s fundamental analysis.

ACML has different business segments/Divisions with independent research and maintains arm’s length distance catering to different set of customers having various objectives, risk profiles, investment horizon, etc. and therefore may at times have different contrary views on stocks sector and markets. Research Report may differ between ACML’s RAs on account of differences in research methodology, personal judgment and difference in time horizons for which recommendations are made. User should keep this risk in mind and not hold - ACML, its employees and associates responsible for any losses, damages of any type whatsoever.

This Report is not intended to be a complete statement or summary of the securities, market or developments referred to in this document. ACML or its affiliates or employees are under no obligation to update the information. ACML or its affiliates or employees shall not be in any way responsible and liable for any loss or damage that may arise to any person from any inadvertent error in the information contained in this report.

ACML or its affiliates and/or its employees/its associates or his relative does not have financial interest in the subject companies. ACML or its affiliates and/ or its employees/its associates or his relative may or may not have beneficial ownership of one per cent or more securities of the subject company, at the end of the month immediately preceding the date of publication of the research report. ACML/its Associates/ Research Analyst have not received any compensation from the subject company in the past twelve months.

Further the subject company is/was not a client during twelve months preceding the date of distribution of the research report and the types of services provided. ACML or its research analyst has not served as an officer, director or employee of the subject company. ACML or its affiliates and/or its research analysts have not been engaged in market making activity for the subject company. ACML or its associates or its Research Analyst have not received any compensation or other benefits from the subject companies or third party in connection with the research report. ACML/its Associates/ Research Analyst/ his Relatives not have any other material conflict of interest at the time of publication of the research report.

ACML/its Associates/ Research Analyst have not managed or co-managed public offering of securities, have not received compensation for investment banking or merchant banking or brokerage services, have not received any compensation for product or services other than investment banking or merchant banking or brokerage services from the subject companies in the last twelve months. There is no material disciplinary action that been taken by any regulatory authority impacting equity research analysis activities.

&nbsp;",100
Arun,Nachimuthu,9791040416,"160/2,Vayalur,Pushpathur post, Palani Taluk",Tamil Nadu,Dindigul,624618,https://signalz.pro/wp-content/uploads/2025/03/Arun-Nachimuthu.jpg,"English, Tamil",13,CEO,Harmonics Traders,"Equity, Future & Options","Gann Theory, Analog Methods",NISM Research Analysts XV,"{'entity': 'SEBI', 'registrationId': 'INH200007353', 'affiliationValidity': 'Perpetual', 'registration_date\t': ''}, {'entity': 'BSE', 'registrationId': '5355', 'affiliationValidity': '', 'registration_date\t': ''}",9791040416,,"7th Floor, 756-L, Anna Salai, Chennai - 600002, Tamil Nadu",Individual,RA,60,,Arun Nachimuthu,"Arun Nachimuthu is a SEBI Registered Research Analyst (INH200007353). With 13+ years of trading experience, he focuses on solving trading problems using modern technologies. His passion is to help individuals win in the stock market.

Arun has enjoyed many executive positions throughout his career. He worked in a Financial IT company for over 10 years. Now, he is the CEO of Harmonics Traders, helping traders earn consistent passive income.

Investment Strategy: Arun uses Gann methods and powerful numerical no-indicator analogue methods in his trading system. He follows Ancient Indian Methods and teachings from the Mahabharata, incorporating astrology into his trading strategies.

Arun Nachimuthu’s dedication to helping traders succeed has earned him over a dozen professional awards. He is committed to fast and sustainable growth for traders, constantly educating and improving himself.

Arun is also a passionate trainer. He helps traders to eradicate trading mistakes and recover any of their previous losses. He has conducted several training sessions in schools and colleges to train more than 1000 students in trading and investments.","<section class=""elementor-section elementor-top-section elementor-element elementor-element-c4cff6f elementor-section-boxed elementor-section-height-default elementor-section-height-default"" data-id=""c4cff6f"" data-element_type=""section"">
<div class=""elementor-container elementor-column-gap-default"">
<div class=""elementor-column elementor-col-100 elementor-top-column elementor-element elementor-element-9c893c8"" data-id=""9c893c8"" data-element_type=""column"">
<div class=""elementor-widget-wrap elementor-element-populated"">
<div class=""elementor-element elementor-element-3f9b20f elementor-widget elementor-widget-text-editor"" data-id=""3f9b20f"" data-element_type=""widget"" data-widget_type=""text-editor.default"">
<div class=""elementor-widget-container"">
<ul>
 	<li>I/We believe in sharing our study and views about various company stocks and Indices based on Harmonic study and  I/we don’t have any direct interests or partnerships with those companies.</li>
 	<li>I/We may not have financial interests in the recommended stocks, and may or may not hold them in our own portfolio.</li>
 	<li>I/We do not receive any compensation from the companies whose stocks are discussed or suggested.</li>
 	<li>I/We are not serving as an employee, or executive of the company whose stock gets recommended or discussed.</li>
 	<li>Use of the information herein is at one’s own risk. This is not an offer to sell or solicitation to buy any securities and Mr.Arun(SEBI Registered Analyst) will not be liable for any losses incurred or investment(s) made or decisions taken/or not taken based on the information provided herein. Information contained herein does not constitute a personal recommendation or take into account the particular investment objectives, financial situations, or needs of individual investors. Before acting on any recommendation, investors should consider whether it is suitable for their particular circumstances and, if necessary, seek an independent professional advice. Mr. Arun (SEBI Registered Analyst) shall not be responsible for any kind of loss / liability arising from the utilization of the advice / views made in its products</li>
 	<li>Information herein is believed to be reliable but Mr.Arun(SEBI Registered Analyst) does not warrant its completeness or accuracy and expressly disclaims all warranties and conditions of any kind, whether express or implied.</li>
 	<li>The performance data quoted represents past performance and does not guarantee future results.</li>
 	<li>Please do think Multiple times before joining our Paid Services/ Classes. Payments referred to herein shall not be refundable under any circumstances</li>
 	<li>No section or part/contents of this  site can be reproduced / copied in any form or by any modes on any kind of tape, disc, photocopy, perforated media, storage device, and so on, without the prior consent of Mr.Arun (SEBI Registered Analyst). Any breach in this condition, can lead to legal actions / consequences. All disputes and litigations will be carried out in Chennai jurisdiction only.</li>
</ul>
<strong>CLIENT PERSONAL DATA PROTECTION POLICY</strong>

</div>
</div>
</div>
</div>
</div>
</section><section class=""elementor-section elementor-top-section elementor-element elementor-element-4ae2e8e elementor-section-boxed elementor-section-height-default elementor-section-height-default"" data-id=""4ae2e8e"" data-element_type=""section"">
<div class=""elementor-container elementor-column-gap-default"">
<div class=""elementor-column elementor-col-100 elementor-top-column elementor-element elementor-element-7cae685"" data-id=""7cae685"" data-element_type=""column"">
<div class=""elementor-widget-wrap elementor-element-populated"">
<div class=""elementor-element elementor-element-2c4e062 elementor-widget__width-initial elementor-widget elementor-widget-text-editor"" data-id=""2c4e062"" data-element_type=""widget"" data-widget_type=""text-editor.default"">
<div class=""elementor-widget-container"">
<ul>
 	<li>We retain records relating to the services that we provide so that we are better able to assist our clients with their needs and to comply with professional guidelines or requirements of law</li>
 	<li>We maintain physical, electronic, and procedural safeguards that comply with federal and state laws to guard our clients’ non-public personal information.</li>
 	<li>We protect the confidentiality of clients’ Mobile Number, Name, and Address &amp; Email Id to prohibit unlawful disclosure of our data, and limit access to our clients’ data in the same manner as we do all other non-public personal information.</li>
 	<li>Documents and information containing any non‐ public personal information are safeguarded and not disclosed to anyone, unless authorized by the client or required by law.</li>
</ul>
</div>
</div>
</div>
</div>
</div>
</section>","<section class=""elementor-section elementor-top-section elementor-element elementor-element-c4cff6f elementor-section-boxed elementor-section-height-default elementor-section-height-default"" data-id=""c4cff6f"" data-element_type=""section"">
<div class=""elementor-container elementor-column-gap-default"">
<div class=""elementor-column elementor-col-100 elementor-top-column elementor-element elementor-element-9c893c8"" data-id=""9c893c8"" data-element_type=""column"">
<div class=""elementor-widget-wrap elementor-element-populated"">
<div class=""elementor-element elementor-element-3f9b20f elementor-widget elementor-widget-text-editor"" data-id=""3f9b20f"" data-element_type=""widget"" data-widget_type=""text-editor.default"">
<div class=""elementor-widget-container"">

The particulars given in this Disclosure have been prepared in accordance with SEBI (Research Analyst) Regulations, 2014. The purpose of the Disclosure is to provide essential information about the Research and recommendation Services in a manner to assist and enable the perspective client/client in making an informed decision for engaging in Research and recommendation services before investing.

For the purpose of this Disclosure Document, Research Analyst is Arun Nachimuthu ,(hereinafter referred as “Research Entity”)

<strong>A. Descriptions about “Research Entity”</strong>
<ul>
 	<li><strong>History, Present business and Background</strong>
Research Entity is registered with SEBI as Research Analyst with Registration No. INH200007353. The individual got its registration on August 28, 2019 and is engaged in research and recommendation Services.</li>
 	<li>The focus of Research entity is to provide research and recommendations services to the clients. Analyst aligns his interests with those of the client and seeks to provide the best suited services.</li>
 	<li>Terms and conditions of Research and Recommendation Services are detailed in the terms and condition document. Please refer to the same for details.</li>
 	<li>Details of its associates - No Associates</li>
</ul>
<strong>B. Disclosures with respect to Research and Recommendations Services</strong>
<ul>
 	<li>There are no actual or potential conflicts of interest arising from any connection of Research entity or Research Analyst or his associate or his relative to or association with any issuer of products/ securities, including any material information or facts that might compromise its objectivity or independence in the carrying on of Research Analyst services. Such conflict of interest shall be disclosed to the client as and when they arise.</li>
 	<li>Research entity or Research analyst or its associate or relatives has no connection or association of any sort with any issuer of products/ securities recommended herein.
Research analyst or his associate or his relative has no actual or potential conflicts of interest arising from any connection to or association with any issuer of products/ securities, including any material information or facts that might compromise its objectivity or independence in the carrying on of research and recommendations services.</li>
 	<li>Research entity or Research analyst or its associates have not received any kind of remuneration or consideration form the products/ securities recommended herein.</li>
 	<li>Research entity or Research analyst or its associates have not received any compensation from the subject company in past 12 months.</li>
 	<li>Research entity or Research analyst or its associates have not managed or co-managed the public offering of Subject Company in past 12 months.</li>
 	<li>Research entity or Research analyst or its associates have not received any compensation for products or services from the subject company in past 12 months.</li>
 	<li>The subject company is or was not a client of Research entity or Research analyst or its associates during twelve months preceding the date of distribution of the research report and recommendation services provided.</li>
 	<li>Research Analysts or its associates has not served as an officer, director or employee of the subject company.</li>
 	<li>Research Analysts has not been engaged in market making activity of the subject company.</li>
</ul>
</div>
</div>
</div>
</div>
</div>
</section><section class=""elementor-section elementor-top-section elementor-element elementor-element-4ae2e8e elementor-section-boxed elementor-section-height-default elementor-section-height-default"" data-id=""4ae2e8e"" data-element_type=""section"">
<div class=""elementor-container elementor-column-gap-default"">
<div class=""elementor-column elementor-col-100 elementor-top-column elementor-element elementor-element-7cae685"" data-id=""7cae685"" data-element_type=""column"">
<div class=""elementor-widget-wrap elementor-element-populated"">
<div class=""elementor-element elementor-element-2c4e062 elementor-widget__width-initial elementor-widget elementor-widget-text-editor"" data-id=""2c4e062"" data-element_type=""widget"" data-widget_type=""text-editor.default"">
<div class=""elementor-widget-container""></div>
</div>
</div>
</div>
</div>
</section>",91
Kavan,Patel,9427711108,"16/181,Parishram Apartment, Opposite Bimanagar, Satellite,",Gujarat,Ahmedabad,380015,https://signalz.pro/wp-content/uploads/2024/06/KavanPatel.png,"English, Hindi, Gujrati",8,,,"Equity, Future & Options","Technical Analysis, Data Analysis, Positional Trading, Long-Term Trading","NISM Series XV, Technical Analysis Certification: NCFM , Derivative Certification: NISM  , Equity Fundamental Certification  , Mutual Fund Distributor Certification","{'entity': 'SEBI', 'registrationId': 'INH000006174', 'affiliationValidity': 'Perpetual', 'registration_date\t': ''}, {'entity': 'BSE', 'registrationId': '5297', 'affiliationValidity': '', 'registration_date\t': ''}",9427711108,,"SEBI Bhavan, Western Regional Office,
Panchvati 1st Lane, Gulbai Tekra Road,
Ahmedabad - 380006, Gujarat
Tel. Board: 079-27467018-20
E-mail : sebiwro@sebi.gov.in",Individual,RA,25,,Kavan Patel,"<span style=""font-weight: 400;"">Kavan Patel is a distinguished SEBI-registered research analyst with over 8 years of dedicated experience in the stock market. Beginning his professional journey in 2018, Kavan has cultivated a reputation for delivering actionable insights and robust investment strategies. His expertise spans across equity research, option trading, and portfolio management, with a special focus on the nuanced and often high-risk area of option buying.</span>

<span style=""font-weight: 400;"">Kavan’s exceptional analytical skills and deep understanding of market dynamics have been instrumental in his success. His ability to navigate volatile markets has set him apart in the industry. As the Founder of KP Equity, he has spent over six years offering investment guidance and research services, helping his clients achieve their financial goals with confidence.</span>

<span style=""font-weight: 400;"">Kavan’s credibility extends beyond his professional achievements, as he has established connections with renowned media houses, including India News and Gujarat Local channel - News India Capital. These collaborations highlight his authority and recognition in the field of financial analysis and stock market education.</span>

<span style=""font-weight: 400;"">Kavan Patel’s association with Signalz brings an unmatched blend of expertise, innovation, and client-focused mentorship. With his extensive experience in research and trading, Kavan aims to guide Signalz clients in making informed and strategic investment decisions.</span>

<span style=""font-weight: 400;"">Leveraging his insights in technical and fundamental analysis, he will provide clients with data-driven recommendations tailored to their investment objectives. His proven track record in option trading ensures that clients can benefit from his mentorship.</span>

<span style=""font-weight: 400;"">With Kavan Patel as a mentor, Signalz clients can look forward to guidance, strategic insights, and innovative approaches to safeguarding wealth in the dynamic stock market environment.</span>","<p style=""text-align: left;""><b>• </b>Kavan Patel is a registered with SEBI for Research Analyst in terms of SEBI (Research Analyst) Regulations, 2014 with registration number INH000006174.</p>
<p style=""text-align: left;""><i class=""fa fa-check""></i><b>• </b>This is solely for information of clients of Kavan Patel and does not construe to be an investment advice.</p>
<p style=""text-align: left;""><i class=""fa fa-check""><b>•  </b></i>It is also not intended as an offer or solicitation for the purchase and sale of any financial instruments. Any action taken by you on the basis of the information contained herein is your responsibility alone and Kavan Patel will not be liable in any manner for the consequences of such action taken by you.</p>
<p style=""text-align: left;""><i class=""fa fa-check""><b>•  </b></i>I have exercised due diligence in checking the correctness and authenticity of the information contained in this recommendation, but Kavan Patel shall not be in any way responsible for any loss or damage that may arise to any person from any inadvertent error in the information contained in this recommendation or any action taken on basis of this information.</p>
<p style=""text-align: left;""><i class=""fa fa-check""></i><b>•  </b>Technical analysis studies market psychology, price patterns and volume levels. It is used to forecast future price and market movements. The recommendations stated in this report are derived purely from technical analysis. Kavan Patel has based this document on information obtained from sources it believes to be reliable but which it has not independently verified; Kavan Patel makes no guarantee, representation or warranty and accepts no responsibility or liability as to its accuracy or completeness.</p>
<p style=""text-align: left;""><i class=""fa fa-check""></i><b>•  </b>The opinions contained within the report are based upon publicly available information at the time of publication and are subject to change without notice. The information and any disclosures provided herein are in summary form and have been prepared for informational purposes The information and any disclosures provided herein may be considered confidential. Any use, distribution, modification, copying, forwarding or disclosure by any person is strictly prohibited. The information and any disclosures provided herein do not constitute a solicitation or offer to purchase or sell any security or other financial product or instrument. The current performance may be unaudited. Past performance does not guarantee future returns. There can be no assurance that investments will achieve any targeted rates of return, and there is no guarantee against the loss of your entire investment.</p>
<p style=""text-align: left;""><i class=""fa fa-check""><b>•  </b></i>Kavan Patel and/or his family may have position in research given by him according to SEBI regulations.</p>",,100
Varunkumar,Patel,9228366124,"275/A, Second floor, Sardar Vyapar Sankul, Urban bank road, Mal godown,",Gujarat,Mehsana,384002,https://signalz.pro/wp-content/uploads/2024/08/02.jpg,"Hindi, Gujarati, English",15,Proprietor,JAP Finserve,"Equity, Future & Options, Commodity","Technofunda Analysis, Intraday Trading, Swing Trading, Positional Trading, Momentum Trading",,"{'entity': 'SEBI', 'registrationId': 'INH000011370', 'affiliationValidity': 'perpetual', 'registration_date\t': '20230213'}, {'entity': 'BSE', 'registrationId': '5730', 'affiliationValidity': '', 'registration_date\t': ''}",9228366124; 9426218423,,,Individual,RA,27,,Varunkumar Patel,"<b>RA Varunkumar Patel</b><span style=""font-weight: 400""> is a seasoned </span><b>SEBI-registered Research Analyst</b><span style=""font-weight: 400""> with over </span><b>15 years of experience</b><span style=""font-weight: 400""> in the financial services industry. He is the first individual research analyst in North Gujarat.  </span><span style=""font-weight: 400"">He is well-versed in a wide range of financial markets and investment strategies. As an expert in </span><b>equity</b><span style=""font-weight: 400"">, </span><b>derivatives</b><span style=""font-weight: 400"">, and </span><b>commodity markets</b><span style=""font-weight: 400"">, he provides tailored advisory services that cater to both individual and institutional investors.</span>

<span style=""font-weight: 400"">Registered under SEBI with </span><b>INH000011370</b><span style=""font-weight: 400""> and representing </span><b>JAP Finserve</b><span style=""font-weight: 400"">, Varunkumar has built a reputation for delivering reliable and insightful financial advice. His expertise spans the integration of </span>Technofunda Analysis<span style=""font-weight: 400"">, which combines both </span>technical<span style=""font-weight: 400""> and </span>fundamental analysis<span style=""font-weight: 400""> to develop well-rounded investment strategies. This holistic approach enables him to analyze market trends, identify profitable opportunities, and guide investors toward informed decisions that align with their financial goals.</span>

<span style=""font-weight: 400"">Fluent in </span>Hindi<span style=""font-weight: 400"">, </span>Gujarati<span style=""font-weight: 400"">, and </span>English<span style=""font-weight: 400"">, Varunkumar can effectively communicate complex financial concepts to a diverse audience, ensuring that clients from various backgrounds can easily access and understand the guidance he provides.</span>

<span style=""font-weight: 400"">Over the years, Varunkumar has helped clients navigate the complexities of financial markets by offering in-depth insights and practical strategies, with a focus on optimizing investment opportunities in </span>equity, derivatives, and commodity trading<span style=""font-weight: 400"">. His vast experience equips him to identify trends, risks, and potential opportunities, enabling investors to make more confident and informed decisions.</span>

<span style=""font-weight: 400"">As a mentor at </span>Signalz<span style=""font-weight: 400"">, Varunkumar will play a key role in offering specialized advice for </span>equity<span style=""font-weight: 400"">, </span>derivatives<span style=""font-weight: 400"">, and </span>commodity<span style=""font-weight: 400""> market participants. With his expertise in </span>Technofunda Analysis<span style=""font-weight: 400"">, he will guide users in developing sound investment strategies that combine technical market indicators with solid fundamental analysis. This ensures that </span>Signalz users<span style=""font-weight: 400""> have access to actionable, well-researched advice, whether they are long-term investors or short-term traders.</span><span style=""font-weight: 400""> His comprehensive approach to market analysis and deep understanding of various market segments will allow clients to stay ahead of the curve and make strategic, informed decisions.</span>

He has always worked on making complex financial concepts easy to understand and implement for retail investors. He is a firm believer that with the help of technical and financial analysis skills and patience, one can make wealth in the stock market.","1 . JAP Finserve is owned by Varunkumar Patel, a SEBI registered Research Analyst (Registration No. INH000011370) under SEBI (Research Analysts) Regulations, 2014.

2 . JAP Finserve is providing research-based recommendations on various investment opportunities in Indian equity market for medium-term to long-term.

3 . We have neither been suspended or debarred from doing business by SEBI or any other authorities; nor has our certificate of registration been cancelled by SEBI at any point of time.

4 . We have not affiliated with any intermediaries for execution or distribution services. Hence, we do not receive any consideration for execution or distribution services.

5. Please find the disclosure with regards to ownership; material conflicts of interest and receipt of compensation on the individual recommendation reports.

6. The recommendations are not to be construed as an offer to buy /sell or the solicitation of an offer to buy / sell any security in any jurisdiction where such offer or solicitation would be illegal.

7. JAP Finserve makes no representation, warranty or guarantee as to the accuracy, completeness or timeliness of the information (including news, prices, statistics, analysis and the like) provided through its website. In no event shall JAP Finserve or its affiliates be liable to any person for any decision made or action taken in reliance upon the information provided herein. Access to the information provided on this website is not intended and shall not be treated as an offer to sell or the solicitation of an offer to buy any security nor shall it be construed as creating any privities of contract between JAP Finserve and any person availing of, or acting upon, any information available on this website. The work of authorship contained in this website, including but not limited to design, text, and images are proprietary and the same shall not be copied, reproduced, transmitted, displayed, distributed, altered or otherwise used in whole or in part in any manner. While all efforts have been taken to make this website as authentic as possible, JAP Finserve / its employees / authorized representatives will not be responsible for any liability in respect of any person/entity directly or indirectly suffering any consequential losses, damages or claims of whatsoever nature as a result of any short-coming, defect or inaccuracy inadvertently crept in this website or otherwise using the information available on this website in any manner. Despite all possible security measures that JAP Finserve takes to keep this website free from hacking and other interference, this website like any other site is not free from such risks, JAP Finserve disclaims all liability on account of any loss or damage that any user may suffer or incur on account of any alteration or manipulation of any data or information accessed or downloaded from this website.

8 . The content and data available on JAP Finserve.in, including but not limited to recommendations, advisory services, past performance, stock ratings and research rationale are for information and illustration purposes only. The performance numbers are calculated via a standard methodology and do not include the impact of transaction fee and other related costs. Data used for calculation of historical returns and other information is provided by exchange approved third party data vendors and has neither been audited nor validated by JAP Finserve.

9 . All information / research tools present on JAP Finserve.in are to help investors in their decision-making process and shall not be considered as a recommendation or solicitation of an investment or investment strategy. Investors are responsible for their investment decisions and are responsible to validate all the information used to make the investment decision. Investors should understand that his/her investment decision is based on personal investment needs and risk tolerance, and performance information available on JAP Finserve.com is one among many other things that should be considered while making an investment decision. Past performance does not guarantee future returns and performance of JAP Finserve advisory services are subject to market risk. Investments in the securities market are subject to market risks and investors should read all the related documents such as research reports, financials etc. carefully before investing. Derivatives are sophisticated investment products. The investor is requested to take into consideration all the risk factors before actually trading in derivative contracts.

10 . JAP Finserve does not provide any promise or assurance of favorable view for a particular industry or sector or business group in any manner. The investor is requested to take into consideration all the risk factors including their financial condition and suitability to risk return profile before investing.

11 . The analysts / representatives for various advisory recommendations certify that all of the information / material therein accurately reflect his or her personal views about the subject company or companies and its or their securities, and no part of his or her compensation was, is or will be, directly or indirectly related to company(ies) recommending in various advisory services. No part of this material may be duplicated in any form and/or redistributed without the prior written consent of the company.

12 . Any surfing and reading of the information are the acceptance of this disclosure and disclaimer report. All Rights Reserved.","The investments discussed or recommended in the market analysis, research reports, etc. may not be suitable for all investors. Investors must make their own investment decisions based on their specific investment objectives and financial position and only after consulting such independent advisors as may be necessary.",98
Kundan,Mishra,9598539660,"201, CHINAR INCUBE BUSINESS CENTER, HOSANGABAD ROAD",Madhya Pradesh,BHOPAL,462026,https://signalz.pro/wp-content/uploads/2025/05/Kundan-Mishra.jpg,"English, Hindi",10,Proprietor,Research Aim,"Equity, Future & Options","Technical Analysis, Fundamental Analysis",,"{'entity': 'SEBI', 'registrationId': 'INH000010830', 'affiliationValidity': 'Perpatual', 'registration_date\t': '20221111'}, {'entity': 'BSE', 'registrationId': '5677', 'affiliationValidity': '', 'registration_date\t': ''}",9522550799,,"1st Floor, Satguru Parinay, 104-105, AB Rd, Opposite C-21 Mall, Scheme No 54, Indore, Madhya Pradesh 452010",Individual,RA,76,,Kundan Mishra,"Kundan Mishra is a SEBI-registered Research Analyst with a strong commitment to ethical and research-driven investment analysis. Backed by years of expertise in the Indian financial markets, Kundan provides well-researched, data-backed insights to help investors make informed decisions. Operating under the registration number INH000010830, he adheres strictly to SEBI regulations and guidelines to ensure transparency, compliance, and client trust.

He is the founder and lead analyst at Research Aim, where a wide array of analytical and advisory services are provided to retail and institutional clients alike. Kundan specializes in equity research, technical and fundamental analysis, and investment strategy formulation tailored to client needs.","Kundan Mishra is a SEBI-registered Research Analyst (Registration Number: INH000010830) under the SEBI (Research Analysts) Regulations, 2014. The following disclaimer is provided in accordance with the SEBI guidelines.

1. General Information:
The research reports and investment recommendations provided by Research aim are for informational and educational purposes only. The information is based on publicly available
data, analysis, and our own research methodology.
2. Not Investment Advice:
The research reports, recommendations, and opinions shared are not to be construed as personalized investment advice. We does not consider the specific financial situation,
investment objectives, or risk tolerance of any particular client when preparing reports or recommendations. Clients are advised to seek independent financial advice before making
any investment decision.
3. Market Risk:
Investments in securities are subject to market risks, including the possible loss of principal. Past performance of securities or markets is not indicative of future results. We do not guarantee any returns or financial outcomes based on its recommendations or research. The client assumes full responsibility for their investment decisions.
4. Accuracy and Completeness of Information:

While we strive to ensure that the information in our reports is accurate, reliable, and up-to-date, We does not guarantee the completeness or accuracy of the information. We are not responsible for any errors, omissions, or for the results obtained from the use of such information.
5. No Liability:
We will not be liable for any loss or damage, including without limitation, indirect or consequential loss or damage, or any loss or damage arising from the use or reliance on our
research reports or recommendations. The client assumes full responsibility for any decisions made based on our research.
6. Third-Party Content:
In some cases, our reports may include information or content from third-party sources. We does not endorse or take responsibility for the accuracy, completeness, or reliability of any third-party content used in our reports.
7. SEBI Regulations:
We operate under the regulations set forth by the Securities and Exchange Board of India (SEBI), including SEBI (Research Analysts) Regulations, 2014. Any disputes arising from our services will be resolved in accordance with SEBI's grievance redressal mechanisms.
8. Amendments:
We reserves the right to amend, modify, or update this disclaimer from time to time to reflect changes in regulations or our services. The updated disclaimer will be available on our website, and continued use of our services implies acceptance of the revised terms.","In compliance with SEBI regulations, all required disclosures, including potential conflicts of interest, will be clearly mentioned in our research reports. We or its research analysts may have financial interests in the securities discussed in the research reports, which will be disclosed as per regulatory requirements.",100
Sunil,Kateshiya,9820640611,"Unit 33, Parekh Market CHS, M. G. Road, Ghatkopar (East),",Maharashtra,Mumbai,400077,https://signalz.pro/wp-content/uploads/2025/05/Logo-Copy.jpeg,"English, Hindi, Gujrati, Marathi",28,Proprietor,Tanush Investments,Equity,"Technofunda Analysis, Long-Term Trading, Positional Trading","B. Com. / MBA Marketing, NISM XV","{'entity': 'SEBI', 'registrationId': 'INH000013305', 'affiliationValidity': 'Perpetual', 'registration_date\t': '20231009'}, {'entity': 'BSE', 'registrationId': '5863', 'affiliationValidity': '', 'registration_date\t': ''}",9820640611,,"Plot No.C4-A, 'G' Block
Bandra-Kurla Complex, Bandra (East),
Mumbai - 400051, Maharashtra
Tel : +91-22-26449000 / 40459000
Fax : +91-22-26449019-22 / 40459019-22
Toll Free Investor Helpline: 1800 22 7575",Individual,RA,24,,Sunil Kateshiya,"<span style=""font-weight: 400"">Sunil Kateshiya is a SEBI-registered research analyst with over 28 years of extensive work experience in finance, equity, and credit management. He specializes in providing comprehensive advisory services with a robust strategy that aims to outperform market indices over time. He leverages both core fundamentals and technical analysis to identify stocks with promising growth prospects and attractive valuations. Since 1995, Sunil has been a pro-investor, transitioning to sensible stock market investments in 2003 during his tenure at NDTV. Over the last five years, he has exclusively dedicated himself to the equity market, leveraging his business acumen to analyze and predict the growth potential of various listed companies. This strategic approach has allowed him to build a loyal client base who have benefited from his insights and guidance.</span>

<span style=""font-weight: 400"">Sunil's unique advantage lies in his dual expertise in understanding both the financial stability and business dynamics of companies. By applying this knowledge to his research, he effectively evaluates the future growth prospects of equity market-listed companies. His commitment to SEBI compliance makes him an invaluable asset to Signalz and its clients.</span>

&nbsp;

<b>Work Experience</b>

<span style=""font-weight: 400"">Sunil has held prominent positions in the media industry, working with renowned organizations such as:</span>

<span style=""font-weight: 400"">Nimbus, NDTV, Digital Media (MSN, Policybazaar.com, Economist.com),  </span><span style=""font-weight: 400"">Group M (a unit of WPP Group), </span><span style=""font-weight: 400"">GQ and Vogue magazines, </span><span style=""font-weight: 400"">Ebus, Other Television Channels ( </span><span style=""font-weight: 400"">News24, </span><span style=""font-weight: 400"">ETV 24, </span><span style=""font-weight: 400"">Sab TV etc)</span>","SUNIL RAMNIKLAL KATESHIYA is registered with SEBI with INH000013305 as the SEBI registration number. Investments in securities market are subject to market risks. Read all the related documents carefully before investing. Registration granted by SEBI, membership of BASL (in case of IAs) and certification from NISM in no way guarantee performance of the intermediary or provide any assurance of returns to investors.","Declaration / Disclosure SUNIL RAMNIKLAL KATESHIYA is registered with SEBI with INH000013305 as the SEBI registration number. Information present in the material prepared by the company and on the website of the company shall not be considered as a recommendation or solicitation of an investment. Investors are responsible for their investment decisions and are responsible to validate all the information used to make the investment decision. Investor should understand that his/her investment decision is based on personal investment needs and risk tolerance, and information present in the material prepared by the company and on the website of the company is one among many other things that should be considered while making an investment decision. The proprietor has neither been suspended nor debarred from doing business by any Stock Exchange / SEBI or any other authorities; nor has its certificate of registration been cancelled by SEBI at any point of time. The proprietor is not engaged in merchant banking, investment banking or any brokerage services.",100
Vibhu,Jain,7982449104,"H. No. 3814/6, Kanhaiya Nagar, Tri Nagar, Delhi",Delhi,New Delhi,110034,https://signalz.pro/wp-content/uploads/2025/02/Vibhu-Jain.jpg,"English, Hindi",10,Proprietor,Market Beast,Equity,Fundamental Analysis,NISM Ceritfied Research Analyst XV ,"{'entity': 'SEBI', 'registrationId': 'INH000015233', 'affiliationValidity': 'Perpetual', 'registration_date\t': '20240228'}, {'entity': 'BSE', 'registrationId': '', 'affiliationValidity': '6065', 'registration_date\t': ''}",7982449104,,"8th floor, Plate B, Tower 1, NBCC Complex, East Kidwai Nagar, New Delhi – 110023.",Individual,RA,55,,Vibhu Jain,"Vibhu Jain (INH000015233) is a SEBI-registered research analyst renowned for his expertise in fundamental analysis. With a strong foundation in financial management and extensive experience across leading financial institutions, he offers strategic insights into equity markets.

Vibhu Jain graduated with a Bachelor of Business Administration from Guru Jambeshwar University. Subsequently, he pursued an MBA in Finance and Financial Management Services at Indira Gandhi National Open University.

His academic journey included a focus on financial management and services, where he gained expertise in the intricacies of financial planning and administration. His educational background equipped him with comprehensive knowledge of business administration, particularly in the realm of finance.

Vibhu Jain embarked on a diverse career journey that began as a team member at Bank of America, where he gained foundational experience in financial services. Progressing to roles such as Senior Analyst at Mercer and Process Associate at RBC Royal Bank of Canada, he honed his analytical skills and deepened his understanding of financial markets and client servicing.

His tenure as a Junior Officer at DBS Bank and later as an Assistant Manager at RBL Bank further enriched his expertise in banking operations and strategic financial management.

Throughout his career, Vibhu Jain accumulated valuable insights into various facets of finance, from analysis and research to operational management within prominent banking institutions.

This multifaceted experience not only broadened his perspective but also equipped him with the necessary skills and knowledge to navigate the complexities of financial markets effectively.

Driven by a passion for finance and a commitment to excellence, Vibhu Jain leveraged his diverse career background to transition into the role of a SEBI-registered research analyst.

His hands-on experience across different financial institutions provided him with a solid foundation in market analysis, regulatory compliance, and client advisory services.

Today, he applies this wealth of experience to offer informed insights and strategic guidance to investors, ensuring they make well-informed financial decisions in dynamic market conditions.

Currently, Vibhu Jain provides his view on Investment, stock analysis, market research, daily news, and knowledge sharing through his YouTube channel Market Beast.

Vibhu Jain, through his firm Market Beast, specializes in fundamental analysis as the cornerstone of his investment strategy. With a robust background in financial management and services, he meticulously evaluates companies based on their financial health, management quality, growth prospects, and industry dynamics.

His approach involves thorough research into company fundamentals, including earnings potential, balance sheet strength, cash flow analysis, and competitive positioning.

By focusing on fundamental factors, Vibhu aims to identify undervalued stocks with strong growth potential or solid dividend yields. This disciplined approach helps him mitigate risks and capitalize on long-term investment opportunities.

He believes in a patient and informed decision-making process, ensuring that each investment aligns with his client’s financial goals and risk tolerance. Through his expertise in fundamental analysis, Vibhu Jain empowers investors to make sound investment decisions, emphasizing transparency, diligence, and a deep understanding of market fundamentals.

His strategy aims to deliver sustainable returns while minimizing downside risks, making him a trusted advisor and educator in the realm of financial planning and investment management.","VIBHU JAIN is a SEBI registered Research Analyst holding registration no. INH000015233 under the SEBI (Research Analysts) Regulations, 2014.
- The Research Analyst makes research-based recommendations on various opportunities in the Indian equity market for the short and long term.
- The Research Analyst has never been suspended or barred from doing business by SEBI or  any other authority, nor has SEBI ever cancelled my certificate of registration.
- The Research Analyst does not provide merchant banking, investment banking, investment  adviser, or brokerage services.
- The Research Analyst has not partnered with any third-party intermediaries for execution or distribution services. As a result, I receive no compensation for execution or distribution services.
- Regarding the accuracy, timeliness, or completeness of the information (including news, pricing, statistics, analysis, and the like) offered through my website, VIBHU JAIN makes no representation, warranty, or guarantee. The Research Analyst and its affiliates are not responsible for any decisions made or actions performed as a result of using the informationvprovided here. Access to the material on this website isn’t meant to be and shouldn’t be seen as an offer to purchase or sell any security. It also shouldn’t be seen as establishing any kind of contractual relationship between the Research Analyst and anybody who uses or acts on the information on this website. This website’s original writing, including but not limited to the design, text, and images, are protected as intellectual property and may not be used in whole or in part in any way by copying, reproducing, transmitting, displaying, or otherwise. While every effort has been made to ensure the authenticity of this website, the Research Analyst, its employees, and authorised representatives disclaim all liability for any person or entity who directly or indirectly suffers consequential losses, damages, or claims of any kind as a result of any flaw, error, or inaccuracy that unintentionally crept into this website or uses the information on this website in any other way. Despite all reasonable precautions taken by the Research Analyst to prevent hacking and other interference, this website is not immune to these risks. As with any other website, VIBHU JAIN disclaims all responsibility for any loss or damage a user may experience as a result of any alteration or manipulation of any data or information accessed through or downloaded from this website.

- The information and data including but not limited to recommendations, past performance, stock ratings, and research rationale, are provided solely for educational and illustrative purposes. The performance figures are calculated using a standard methodology and do not account for transaction fees or other related costs. The Research Analyst has not audited or validated the data used to calculate historical returns and other information, which is provided by exchange-approved third-party data vendors.
- All information available on MARKET BEAST are intended to assist investors with their decision-making and should not be construed as a recommendation or solicitation for a particular investment or investment plan. Investors are accountable for their investing decisions and for validating any information used to make those decisions. Investors should recognise that their investment decisions are based on their individual financial needs, and that the performance information available on MARKET BEAST is just one of many factors that should be considered before making an investment decision. Past performance is not indicative of future results, and is subject to market risk. Before investing, investors should carefully examine all relevant papers, such as research reports, financial statements, etc., as investments in the securities market are susceptible to market risks. Derivatives are sophisticated financial instruments. Before actually trading in derivative contracts, the investor is required to analyse all relevant risk considerations.
- In no way does the Research Analyst promise or guarantee a favourable outlook for a particular industry, sector, or business group. Before investing, the investor must assess all risk variables, including their financial position.
- The analysts/representatives for various Research recommendations certify that all information/material therein accurately reflects their personal opinions about the subject company or companies and their securities, and that no portion of their compensation has been, is being, or will be related in any way to the company(ies) they recommend in their research analyses/reports. No part of this content may be copied or transferred in any way without the company’s prior written approval.
- Acceptance of this disclosure and disclaimer report is implied by the act of browsing and reading the content. Strictly Reserved. Registered office of VIBHU JAIN is at House No. 3814, Gali No. 6, Kanhaiya Nagar, Tri Nagar, New Delhi – 110035","SEBI Registered Research Analyst : Registration No. INH000015233
The particulars given in this Disclosure Document have been prepared in accordance with SEBI (Research Analyst) Regulations, 2014.

The purpose of the Document is to provide essential information about the Research and recommendation Services in a manner to assist and enable the perspective client/client in making an informed decision for engaging in Research and recommendation services before investing.

For the purpose of this Disclosure Document, Research Analyst is Vibhu Jain, (hereinafter referred as“Research Analyst”)
Descriptions about “Research Analyst”

History, Present business and Background:
The Research Analyst is registered with SEBI as Vibhu Jain with Registration No. INH000015233. He got its registration on February 28, 2024 and is engaged in research and recommendation Services. The focus of Research Analyst is to provide research and recommendations services to the clients.
Analyst aligns its interests with those of the client and seeks to provide the suited services.

Disciplinary history
There are no pending material litigations or legal proceedings, findings of inspections or investigations for which action has been taken or initiated by any regulatory authority against the Research Analyst or its associates or relatives.

Details of its associates
No Associates

Disclosures with respect to Research and Recommendations Services
- Research Analyst or his associate or his relative may have financial interest or actual / beneficial ownership of one per cent or more in the securities recommended in its personal portfolio at the end of the month immediately preceding the date of publication of the research report or date of the public appearance. Details of the same may be referred through the disclosures made at the time of advice.
- There are no actual or potential conflicts of interest arising from any connection of Research Analyst or his associate or his relative to or association with any issuer of products/securities, including any material information or facts that might compromise its objectivity or independence in the carrying on of Research services. Such conflict of interest shall be disclosed to the client as and when they arise.
- Research analyst or its associates or relatives, may have actual/beneficial ownership of one per cent or more securities of the subject company, at the end of the month immediately preceding the date of publication of the research report or date of the public appearance or research recommendation. Details of the same may be referred through the disclosures made at the time of advice.

- Research analyst or its associate or relatives has no connection or association of any sort with any issuer of products/ securities recommended herein.
- Research analyst or his associate or his relative has no actual or potential conflicts of interest arising from any connection to or association with any issuer of products/ securities, including any material information or facts that might compromise its objectivity or independence in the carrying on of research and recommendations services.
- Research analyst or its associates have not received any kind of remuneration or consideration form the products/ securities recommended herein.
- Research analyst or its associates have not received any compensation from the subject company in past 12 months.
- Research analyst or its associates have not managed or co-managed the public offering of Subject Company in past 12 months.
- Research analyst or its associates have not received any compensation for investment banking or merchant banking of brokerage services from the subject company in past 12 months
- Research analyst or its associates have received any compensation for products or services other than investment banking or merchant banking or brokerage services from the subject company in the past twelve months.
- Research analyst or its associates have not received any compensation or other benefits from the subject company or third party in connection with the research report or research recommendations.
- Research analyst or its associates have not received any compensation for products or services from the subject company in past 12 months.
- The subject company is or was not a client of Research analyst or its associates during twelve months preceding the date of distribution of the research report and recommendation services provided.
- Research Analysts or its associates have not served as an officer, director or employee of the subject company.
- Research Analysts has not been engaged in market making activity of the subject company.",0
MAYANK SINGH,CHANDEL,8319648459,"WARD NO.11, MANAGANJ, JAITHARI, POST JAITHARI ",Madhya Pradesh,ANUPPUR,484330,https://signalz.pro/wp-content/uploads/2024/08/Mayank-Singh-Chandel-e1722661552552.jpg,"English, Hindi",8,Founder,Mayank Singh Chandel ,Equity,"Short-Term Momentum Picks, Long-Term Holdings, Swing Trading, Positional Trading",NISM Certified Research Analyst,"{'entity': 'SEBI', 'registrationId': 'INH000013350', 'affiliationValidity': 'Perpetual', 'registration_date\t': ''}, {'entity': 'BSE', 'registrationId': '5886', 'affiliationValidity': '', 'registration_date\t': ''}",8319648459,,"305, 3rd Floor, Satguru Parinay, AB Rd, Opposite C-21 Mall, Indore, Madhya Pradesh 452010",Individual,RA,37,,MAYANK SINGH CHANDEL,"<b>Mayank Singh Chandel</b>, a <b>Qualified Chartered Accountant</b> with a passion for authorising individuals/HNI’s/Institutions, through the world of trading and investing. With over 8 plus years of hands-on experience navigating the financial markets, he brings a wealth of knowledge to the table.

His journey began with a foundation in accountancy, evolving into a fascination with the complicated world of trading and investments. Over the years, he has sharpened his skills in technical research, allowing me to decode market trends and identify lucrative opportunities.

Beyond numbers and charts, he understands the human aspect of investing. His approach is not just about figures but about helping individuals achieve their financial aspirations. Whether you are new to investing or seeking to grow your portfolio, his expertise aims to guide you towards informed decision and long-term financial growth.

Join him on this exciting journey towards financial empowerment. You can explore the markets together, leveraging his expertise and your aspirations to pave the way for a prosperous future.","“Registration granted by SEBI, and certification from NISM in no way guarantee performance of the intermediary or provide any assurance of returns to investors.”

“The securities quoted, if any are for illustration only and are not recommendatory.”

“Investments in securities market are subject to market risks. Read all the related documents carefully before investing.“","By accessing this website, you have read, understood and agree to be legally bound by the terms of the following disclaimer:
<ul>
 	<li>Stock trading is inherently risky and you agree to assume complete and full responsibility for the outcomes of all trading decisions that you make, including but not limited to loss of capital. Under no circumstances should any person at this site make trading decisions based solely on the information discussed herein.</li>
 	<li>Information and recommendations on the website are for general information only. Nothing contained herein is an advice to sell nor solicitation to buy any securities.</li>
 	<li>The publishers at are not trying to influence users’ stock picking decisions or impose own thoughts on the users. The firm or its publishers cannot be held liable for any losses or damages arising out of the advice dispensed on the platform. All contents, recommendations are provided on a ‘as is’ basis without modification or ulterior motives. It doesn’t contain any guarantees or warranties.</li>
 	<li>It is possible that the site may contain an error or inaccuracy. Losses arising thereof cannot be used to hold the firm liable. All information, recommendations, advice and contents shared on the website is meant to be used for personal purpose only and must not be reproduced or copied in any form.</li>
 	<li>The information and views in this website and all the services we provide are believed to be reliable, but we do not accept any responsibility (or liability) for errors of fact or opinion. Users have the right to choose the product/s that suits them the most.</li>
 	<li>Investment in equity shares has its own risks. Sincere efforts have been made to present the right investment perspective. The information contained herein is based on analysis and on sources that we consider reliable. We, however, do not vouch for the consistency or the completeness thereof.</li>
 	<li>This material is for personal information and we are not responsible for any loss incurred due to it  and take no responsibility whatsoever for any financial profits or loss which may arise from the recommendations above. Analyst or any person related to Mayank Singh Chandel Research Analyst might be holding positions in the stocks recommended.</li>
 	<li>Our Clients (Paid Or Unpaid), Any third party or anyone else have no rights to forward or share our calls or SMS or Reports or Any Information Provided by us to/with anyone (through any medium) which is received directly or indirectly by them. If found so then Serious Legal Actions can be taken.</li>
 	<li>Mayank Singh Chandel ‘Research Analyst’ taken due care and caution in compilation of data for its website. Mayank Singh Chandel ‘Research Analyst’ advises users to check with other certified experts before taking any investment decision. However, Mayank Singh Chandel ‘Research Analyst’ does not guarantee the consistency, adequacy or completeness of any information and is not responsible for any errors or omissions or for the results obtained from the use of such information. Mayank Singh Chandel ‘Research Analyst’ especially states that it has no financial liability whatsoever to any user on account of the use of information provided on its website.</li>
 	<li>Mayank Singh Chandel ‘Research Analyst’ is not responsible for any errors, omissions or representations on any of our pages or on any links on any of our pages. Mayank Singh Chandel ‘Research Analyst’ does not endorse in anyway any advertisers on our web pages. Please verify the veracity of all information on your own before undertaking any alliance.</li>
 	<li>The information on this site is updated from time to time. Mayank Singh Chandel ‘Research Analyst’ however excludes any warranties (whether expressed or implied), as to the quality, consistency, efficacy, completeness, performance, fitness or any of the contents of the website, including (but not limited) to any comments, feedback and advertisements contained within the Site. This site contains material in the form of inputs submitted by users and Mayank Singh Chandel ‘Research Analyst’ accepts no responsibility for the content or consistency of such content nor does Mayank Singh Chandel ‘Research Analyst’ make any representations by virtue of the contents of this website in respect of the existence or availability of any goods and services advertised in the contributory sections.</li>
 	<li>Mayank Singh Chandel ‘Research Analyst’ makes no warranty that the contents of the website are free from infection by viruses or anything else which has contaminating or destructive properties and shall have no liability in respect thereof.</li>
 	<li>Subscribers are advised to understand that the services can fail due to failure of hardware, software, and Internet connection. While we ensure that the messages/emails are delivered in time to the subscribers Mobile Network, the delivery of these messages to the customer’s mobile phone/handset/desktop/ipad/tablet/laptop is the responsibility of the customer’s Mobile Network/internet connection/wifi. SMS/Emails may be delayed and/or not delivered to the customer’s mobile phone/handset on certain days, owing to technical reasons and Mayank Singh Chandel ‘Research Analyst’ cannot be held responsible for the same.</li>
 	<li>Mayank Singh Chandel ‘Research Analyst’ hereby expressly disclaims any implied warranties imputed by the laws of any jurisdiction. We consider ourselves and intend to be subject to the jurisdiction only of the courts of Madhya Pradesh in India. If you don’t agree with any of our disclaimers above please do not read the material on any of our pages. Although the access to users outside India is not denied, Mayank Singh Chandel ‘Research Analyst’ shall have no legal liabilities whatsoever in any laws of any jurisdiction other than India.</li>
 	<li>We reserve the right to make changes to our site and these disclaimers, terms, and conditions at any time. Stock trading is inherently risky and you agree to assume complete and full responsibility for the outcomes of all trading decisions that you make. You should strictly abide with the consultation provided by the qualified research analyst/s at Mayank Singh Chandel ‘Research Analyst’ and trade only as per the levels provided by us. Unlike an actual performance record, simulated results do not represent actual trading. No representation is being made that any account will or is likely to achieve profits or losses similar to those shown. You, and not Mayank Singh Chandel ‘Research Analyst’, assume the entire cost and risk of any trading you choose to undertake. You are solely responsible for making your own investment decisions. If you choose to engage in transactions with or without seeking advice from a licensed and qualified financial advisor or entity, then such decision and any consequences flowing there from are your sole responsibility. Mayank Singh Chandel ‘Research Analyst’ or any employees are in no way liable for the use of the information by others in investing or trading in investment vehicles.</li>
 	<li>Although we attempt to research thoroughly on information provided herein, there are no guarantees in consistency. The information presented on the site has been gathered from various sources believed to be providing correct information. Mayank Singh Chandel ‘Research Analyst’ and/or employees are not responsible for errors, inaccuracies if any in the content provided on the site. Mayank Singh Chandel ‘Research Analyst’ and/or employees are not responsible for errors, inaccuracies if any in the content provided on the site. Mayank Singh Chandel ‘Research Analyst’  has license to provide research services as a research analyst. Your use of this and all information contained on Mayank Singh Chandel ‘Research Analyst’ is governed by these Terms and Conditions of Use. This material is based upon information that we consider reliable, but we do not represent that it is consistent or complete, and that it should be relied upon, as such. You should not rely solely on the Information in making any investment. Rather, you should use the Information only as a starting point for doing additional independent research in order to allow you to form your own opinion regarding investments. By using this website, any software and content contained therein, you agree that use of the Service is entirely at your own risk. You understand and acknowledge that there is a very high degree of risk involved in trading securities. Mayank Singh Chandel ‘Research Analyst’ makes no warranties and gives no assurances regarding the truth, timeliness, reliability, or good faith of any material posted here. Mayank Singh Chandel ‘Research Analyst’ does not warranties that trading methods or systems presented in their services or the information herein, or obtained from advertisers or members will result in profits or losses.</li>
 	<li>By continuing to use this website, you agree to all our terms and policies.</li>
</ul>",100
Nandita,Rai,9893253498,"HE 42 B , Supercity Colony, Gyansila Dhabali,",Madhya Pradesh,INDORE,453771,https://signalz.pro/wp-content/uploads/2025/03/Nandita-Rai-scaled.jpg,"English , Hindi",12,Proprietor,BHAKTI WEALTH,"Equity, Future & Options","Technical Analysis, Fundamental Analysis",NISM Series XV Research Analyst,"{'entity': 'SEBI', 'registrationId': 'INH000018054', 'affiliationValidity': 'Perpetual', 'registration_date\t': '20240801'}, {'entity': 'BSE', 'registrationId': '6347', 'affiliationValidity': '', 'registration_date\t': ''}",8448443542,,"1st Floor, Satguru Parinay, 104-105, AB Rd, Opposite C-21 Mall, Scheme No 54, Indore, Madhya Pradesh 452010",Individual,RA,66,,Nandita Rai,"Nandita Rai is a SEBI-registered Research Analyst who brings over a decade of hands-on experience in the Indian stock market. With a strong academic background in commerce, Nandita completed her graduation in 2013 and went on to pursue her master’s degree from the prestigious National Institute of Technology (NIT), Bhopal, graduating in 2015. Since then, she has been actively involved in the world of finance, particularly in the equity markets, where she has carved a niche for herself.

Nandita is known not only for her deep analytical skills but also for her rare ability to blend finance with technology. She is proficient in coding and has successfully developed a wide range of custom indicators, scanners, and algorithmic strategies for clients across various trading platforms. Her expertise allows traders and investors to gain a technological edge in the market, making complex strategies accessible and efficient.

She has helped numerous clients build automated trading systems that align with their investment goals, risk profiles, and preferred trading styles. Her ability to understand both the market dynamics and the technological side of trading makes her a unique and valuable asset in the industry.

Passionate, driven, and always ahead of the curve, Nandita continues to innovate in the fintech space, ensuring her clients benefit from the most modern tools and techniques available. Her work exemplifies the powerful intersection of commerce, technology, and real-world market application.","<span style=""font-weight: 400;"">“Registration granted by SEBI, and certification from NISM in no way guarantee performance of the intermediary or provide any assurance of returns to investors.”</span>

<span style=""font-weight: 400;"">“The securities quoted, if any, are for illustration only and are not recommendatory.”</span>

<span style=""font-weight: 400;"">“Investments in securities markets are subject to market risks. Read all the related documents carefully before investing.”</span>

<span style=""font-weight: 400;"">By accessing this</span><span style=""font-weight: 400;""> website, you have read, understood, and agree to be legally bound by the terms of the following disclaimer. Stock trading is inherently risky, and you agree to assume complete and full responsibility for the outcomes of all trading decisions that you make, including but not limited to loss of capital. Under no circumstances should any person at this site make trading decisions based solely on the information discussed herein. Information and recommendations on the website are for general information purposes only. Nothing contained herein constitutes advice to sell or solicitation to buy any securities.</span>

<span style=""font-weight: 400;"">The publishers</span><span style=""font-weight: 400;""> are not attempting to influence users’ stock-picking decisions or impose their thoughts on the users. The firm or its publishers cannot be held liable for any losses or damages arising out of the advice dispensed on the platform. All contents and recommendations are provided on an ‘as-is’ basis without modification or ulterior motives. It does not contain any guarantees or warranties. It is possible that the site may contain errors or inaccuracies, and any losses arising from such cannot be used to hold the firm liable.</span>

<span style=""font-weight: 400;"">All information, recommendations, advice, and content shared on the website are meant to be used for personal purposes only and must not be reproduced or copied in any form.</span>

<span style=""font-weight: 400;"">The information and views on this website and all the services we provide are believed to be reliable, but we do not accept any responsibility (or liability) for errors of fact or opinion. Users have the right to choose the products that suit them best.</span>

<span style=""font-weight: 400;"">Investment in equity shares carries inherent risks. Sincere efforts have been made to present the right investment perspective. The information contained herein is based on analysis and sources we consider reliable. However, we do not guarantee the consistency or completeness of the information. This material is for personal information only, and we are not responsible for any loss incurred as a result. We take no responsibility whatsoever for any financial profits or losses arising from the recommendations above.</span>

<span style=""font-weight: 400;"">Analyst or any person related to </span><b>Miss Nandita Rai, Research Analyst</b><span style=""font-weight: 400;"">, may hold positions in the stocks recommended.</span>

<span style=""font-weight: 400;"">Our clients (paid or unpaid), any third party, or anyone else have no right to forward or share our calls, SMS, reports, or any information provided by us to/with anyone (through any medium) received directly or indirectly from them. If found so, serious legal actions may be taken.</span>

<span style=""font-weight: 400;"">Miss Nandita Rai, Research Analyst, has taken due care and caution in compiling the data for this website. She advises users to consult other certified experts before making any investment decisions. However, Miss Nandita Rai, Research Analyst, does not guarantee the consistency, adequacy, or completeness of any information and is not responsible for any errors or omissions, nor for the results obtained from using such information. She expressly states that there is no financial liability whatsoever to any user due to the use of the information provided on this website.</span>

<span style=""font-weight: 400;"">Miss Nandita Rai, Research Analyst, is not responsible for any errors, omissions, or representations on any of our pages or on any links on our pages. She does not endorse in any way any advertisers on our web pages. Please verify the veracity of all information on your own before undertaking any alliance.</span>

<span style=""font-weight: 400;"">The information on this website is updated periodically. However, Miss Nandita Rai, Research Analyst, excludes any warranties (whether expressed or implied) regarding the quality, consistency, efficacy, completeness, performance, fitness, or any of the contents of the website, including (but not limited to) any comments, feedback, and advertisements.</span>

<span style=""font-weight: 400;"">This website may contain material in the form of inputs submitted by users. Miss Nandita Rai, Research Analyst, accepts no responsibility for the content or consistency of such content, nor does she make any representations regarding the existence or availability of any goods or services advertised in the contributory sections. Miss Nandita Rai, Research Analyst, makes no warranty that the contents of the website are free from infection by viruses or other contaminants and shall have no liability in respect thereof.</span>

<span style=""font-weight: 400;"">There are risks associated with utilizing internet and short messaging system (SMS)-based information and research dissemination services. Subscribers are advised to understand that the services can fail due to hardware, software, and internet connection issues. While we ensure that messages/emails are delivered to subscribers in a timely manner, the delivery to the customer’s mobile phone, desktop, tablet, or laptop is the responsibility of the customer’s network connection. SMS/Emails may be delayed or not delivered due to technical reasons, and Miss Nandita Rai, Research Analyst, cannot be held responsible.</span>

<span style=""font-weight: 400;"">Miss Nandita Rai, Research Analyst, hereby expressly disclaims any implied warranties imputed by the laws of any jurisdiction. We consider ourselves subject only to the jurisdiction of the courts of Madhya Pradesh, India. If you do not agree with any of our disclaimers, please refrain from reading the material on our pages. Access to users outside India is not denied, but Miss Nandita Rai, Research Analyst, shall have no legal liabilities whatsoever under any laws of jurisdictions outside India.</span>

<span style=""font-weight: 400;"">We reserve the right to make changes to our site, disclaimers, terms, and conditions at any time.</span>

<span style=""font-weight: 400;"">Stock trading is inherently risky, and you agree to assume complete and full responsibility for the outcomes of all trading decisions that you make.</span>

<span style=""font-weight: 400;"">You should strictly abide by the consultation provided by the qualified research analysts at Bhakti Wealth and trade only as per the levels provided by us. Unlike actual performance records, simulated results do not represent actual trading. No representation is made that any account will achieve profits or losses similar to those shown.</span>

<span style=""font-weight: 400;"">You, and not Miss Nandita Rai, Research Analyst, assume the entire cost and risk of any trading you undertake. You are solely responsible for making your own investment decisions. If you choose to engage in transactions with or without seeking advice from a licensed and qualified financial advisor, then such decisions and any consequences are solely your responsibility.</span>

<span style=""font-weight: 400;"">Miss Nandita Rai, Research Analyst, and her employees are not liable for the use of the information by others in investing or trading.</span>

<span style=""font-weight: 400;"">We encourage all investors to use the information on this site as a resource to further their own research on all featured companies, stocks, sectors, markets, and information presented.</span>

RA <span style=""font-weight: 400;"">and her employees take no responsibility for the veracity, validity, and correctness of expert recommendations or other information provided. Although we attempt to research thoroughly, there are no guarantees regarding consistency. The information presented on the site has been gathered from sources believed to be reliable. RA </span><span style=""font-weight: 400;"">and her employees are not responsible for errors or inaccuracies.</span>

<span style=""font-weight: 400;"">Your use of the website is governed by these Terms and Conditions of Use. This material is based on information we consider reliable, but we do not represent that it is consistent or complete. You should not rely solely on the information in making any investment decisions. Rather, you should conduct additional independent research to form your own opinion. By using </span><span style=""font-weight: 400;"">this website </span><span style=""font-weight: 400;"">and any content therein, you agree that use of the service is entirely at your own risk. Ms. Nandita Rai i</span><span style=""font-weight: 400;"">s a registered research analyst. You acknowledge that there is a high degree of risk involved in trading securities.</span>

<span style=""font-weight: 400;"">Miss Nandita Rai, Research Analyst, does not guarantee the timeliness, reliability, or good faith of any material posted here</span><span style=""font-weight: 400;"">. There are no assurances that trading methods or systems presented will result in profits or losses.</span>

<span style=""font-weight: 400;"">By continuing to use this website, you agree to all our terms and policies.</span>","<span style=""font-weight: 400;"">The purpose of the document is to provide essential information about the Research Services in a manner to assist and enable the prospective client/client in making an informed decision for engaging in Research services before onboarding.</span>

<b>History, Present business and Background</b>

<span style=""font-weight: 400;"">Nandita Rai Proprietor of Bhakti Wealth is registered with SEBI as Research Analyst with registration no. INH000018054. The Research Analyst got its registration on 01</span><span style=""font-weight: 400;"">st</span><span style=""font-weight: 400;""> August, 2024 and is engaged in offering research and recommendation services.</span>

<b>Terms and conditions of Research Services</b>

<span style=""font-weight: 400;"">The Research Services will be limited to providing independent research recommendation and shall not be involved in any advisory or portfolio allocation services.</span>

<span style=""font-weight: 400;"">The Research Analyst never guarantees the returns on the recommendation provided. Investor shall take note that Investment/trading in stocks/Index or other securities is always subject to market risk. Past performance is never a guarantee of same future results.</span>

<span style=""font-weight: 400;"">The Research Analyst shall not be responsible for any loss to the Investors.</span>

<b>Disciplinary history</b>

<span style=""font-weight: 400;"">There are no pending material litigations or legal proceedings against the Research Analyst.</span>

<span style=""font-weight: 400;"">As on date, no penalties / directions have been issued by SEBI under the SEBI Act or Regulations made there under against the Research Analyst relating to Research Analyst services.</span>

<b>Details of its associates</b>

<span style=""font-weight: 400;"">No associates</span>

<b>Disclosures with respect to Research and Recommendations Services</b>
<ul>
 	<li style=""font-weight: 400;""><span style=""font-weight: 400;"">The Research Analyst or any of its officer/employee does not trade in securities which are subject matter of recommendation.</span></li>
 	<li style=""font-weight: 400;""><span style=""font-weight: 400;"">There are no actual or potential conflicts of interest arising from any connection to or association with any issuer of products/ securities, including any material information or facts that might compromise its objectivity or independence in the carrying on of Research Analyst services. Such conflict of interest shall be disclosed to the client as and when they arise.</span></li>
 	<li style=""font-weight: 400;""><span style=""font-weight: 400;"">Research Analyst or its employee or its associates have not received any compensation from the company which is subject matter of recommendation.</span></li>
 	<li style=""font-weight: 400;""><span style=""font-weight: 400;"">Research Analyst or its employee or its associates have not managed or co-managed the public offering of any company.</span></li>
 	<li style=""font-weight: 400;""><span style=""font-weight: 400;"">Research Analyst or its employee or its associates have not received any compensation for investment banking or merchant banking of brokerage services from the subject company.</span></li>
 	<li style=""font-weight: 400;""><span style=""font-weight: 400;"">Research Analyst or its employee or its associates have not received any compensation for products or services other than above from the subject company.</span></li>
 	<li style=""font-weight: 400;""><span style=""font-weight: 400;"">Research Analyst or its employee or its associates have not received any compensation or other benefits from the Subject Company or 3rd party in connection with the research report/ recommendation.</span></li>
 	<li style=""font-weight: 400;""><span style=""font-weight: 400;"">The subject company was not a client of Research Analyst or its employee or its associates during twelve months preceding the date of recommendation services provided.</span></li>
 	<li style=""font-weight: 400;""><span style=""font-weight: 400;"">Research Analysts or its employee or its associates has not served as an officer, director or employee of the subject company.</span></li>
 	<li style=""font-weight: 400;""><span style=""font-weight: 400;"">Research Analysts has not been engaged in market making activity of the subject company.</span></li>
</ul>
<b>Standard Warning</b>

<span style=""font-weight: 400;"">“Investment in securities market are subject to market risks. Read all the related documents carefully before investing.”</span>",0
Sneha,Vasudeo,8655072338,"358K, 3rd floor, Gangaram Khatri Wadi, Behind Thakurdwar Post office,",Maharashtra,MUMBAI ,400002,https://signalz.pro/wp-content/uploads/2025/03/Sneha_Vasudeo.png,"English, Hindi, Marathi",8,,,Equity,"Technical Analysis, Fundamental Analysis, Mutual Fund Analysis, Expertise in Market-Linked Financial Products","CERTIFIED FINANCIAL PLANNER® from Financial Planning Standards Board Ltd. (FPSB), NISM Research Analyst XV","{'entity': 'SEBI', 'registrationId': 'INH000012616 ', 'affiliationValidity': 'Perpetual', 'registration_date\t': ''}, {'entity': 'BSE', 'registrationId': '5810', 'affiliationValidity': '', 'registration_date\t': ''}",8655072338,," PN-C/7, G Block BKC, Bandra Kurla Complex, Bandra East, Mumbai, Maharashtra 400051",Individual,RA,65,,Sneha Vasudeo,"<p class=""font_8 wixui-rich-text__text"">Sneha Vasudeo, is a SEBI Registered Research Analyst with a mission to guide you on a path to financial success.</p>
<p class=""font_8 wixui-rich-text__text"">Sneha Vasudeo is a financial expert; with a Qualification in Financial Planning (CFP) from the prestigious FPSB Ltd. USA.</p>
<p class=""font_8 wixui-rich-text__text"">With hands-on experience in the financial domain, she is a reliable and knowledgeable guide in the intricate world of investments.</p>","<p class=""font_8 wixui-rich-text__text""><span class=""wixui-rich-text__text"">Investment in the securities market is subject to market risks. Read all the related documents carefully before investing.</span></p>
<p class=""font_8 wixui-rich-text__text""><span class=""wixui-rich-text__text"">Registration granted by SEBI, membership of BASL (in case of IAs) and certification from NISM in no way guarantee performance of the intermediary or provide any assurance of returns to investors</span></p>
<p class=""font_8 wixui-rich-text__text""><span class=""wixui-rich-text__text"">Stocks discussed in any presentation or video are purely for educational purposes and are not to be construed as trading or investment advice. </span></p>","Sneha Vasudeo is a SEBI Registered Research Analyst with the registration number INH000012616. In adherence to ethical standards and transparency, it is affirmed that neither she nor her relatives possess any direct or indirect financial interest in the subject company, and the nature of such financial interest is non-existent. Notably, there is no actual or beneficial ownership of 1% or more securities of the subject company by Sneha Vasudeo or her relatives at the end of the month preceding the public appearance. Furthermore, no other material conflicts of interest are present  at the time of the public appearance, and Sneha Vasudeo has not received any compensation from the subject company in the past twelve months. Additionally, the subject company has not been a client in the twelve months preceding the distribution of the research report, and no services have been provided to the company. These stringent responses underscore Sneha Vasudeo's unwavering commitment to maintaining the integrity of her research reports, ensuring they remain free from undue influence and offering readers a clear understanding of potential conflicts.",100
Dipak,Takodara,9687617949,"D 504, Sumadhur II Apartments, Near Azad Society, Ambawadi Vistar",Gujarat,Ahmedabad ,380015,https://signalz.pro/wp-content/uploads/2025/01/Dipak-Takodara.jpg,"Gujarati, Hindi, English",10,,,"Equity, Future & Options","Equity Futures, Equity Cash",,"{'entity': 'SEBI', 'registrationId': 'INH000013679', 'affiliationValidity': 'Perpetual', 'registration_date\t': ''}, {'entity': 'BSE', 'registrationId': '5921', 'affiliationValidity': '', 'registration_date\t': ''}",9687617949,,"Panchavati Society, Gulbai Tekra, Ahmedabad, Gujarat 380006",Individual,RA,52,,Dipak Takodara,"<span style=""font-weight: 400;"">Dipak M. Takodara is a SEBI-registered research analyst with a mission to empower traders and investors through a unique blend of strategic expertise and market insights. With an MBA from the prestigious </span><b>Symbiosis International University</b><span style=""font-weight: 400;"">, Dipak brings a systematic and transparent approach to financial advisory, specializing in the </span><b>equity</b><span style=""font-weight: 400;""> and </span><b>futures markets</b><span style=""font-weight: 400;"">.</span>

<span style=""font-weight: 400;"">Dipak emphasizes swing and momentum trading strategies that help clients navigate market volatility while minimizing the impact of intraday fluctuations. His adherence to SEBI regulations ensures all recommendations are transparent, accountable, and aligned with regulatory standards, fostering trust and reliability for his clients.</span>

<span style=""font-weight: 400;"">Having developed a keen interest in the stock market in 2015, Dipak delved into the intricacies of </span><b>Technical and Fundamental Analysis</b><span style=""font-weight: 400;""> and honed his expertise to become a trusted advisor in the industry. </span>

<span style=""font-weight: 400;"">Dipak’s mentorship at Signalz brings a distinctive mix of technical expertise, strategic acumen, and client-centric advisory. With his robust background in </span><b>swing and positional trading</b><span style=""font-weight: 400;"">, Dipak will guide Signalz clients in identifying high-probability trades while mitigating risks associated with market volatility.</span>

<span style=""font-weight: 400;"">Dipak’s professional journey, spanning leadership roles in education and product development, equips him with great communication skills, strategy, and execution. His commitment to compliance with SEBI regulations perfectly aligns with Signalz’s mission to deliver ethical and reliable advisory services.</span>

<span style=""font-weight: 400;"">As a mentor at Signalz, Dipak is excited to empower clients with transparent recommendations, data-driven insights, and actionable strategies that will help them achieve long-term financial success.</span>","<ul>
 	<li>The recommendations provided in the reports are based on information we believe to be reliable</li>
 	<li>Unless otherwise specified, the recommendations provided herein are based on a 12-month horizon.;</li>
 	<li>Investment ratings or recommendations and returns are based on absolute positive and negative returns.</li>
 	<li>Security prices may rise or fall based on certain market conditions after following our recommendations.;</li>
 	<li>We may revisit ratings or recommendations due to valuations, returns, lack of clarity, or events.;</li>
 	<li>Our opinions are subject to change, and we have no obligation to inform clients when our opinions and recommendations change.;</li>
 	<li>Clients should be aware of the risks involved in the stock market, which may lead to partial or permanent loss of portfolio or investment during certain market conditions.;</li>
 	<li>We strictly adhere to the rules of the SEBI Research Analyst Regulations, 2014, and do not provide any investment advisory/PMS services.</li>
</ul>","I DIPAK M TAKODARA, MBA in Systems and Finance, is an Individual Research Analyst”. The research report accurately reflects the personal views of the research analysts employed by “DIPAK M TAKODARA” regarding any of the subject issuer(s), company(ies), or securities. Research Analyst has compiled this report using information available to the public and sources we consider reliable. Additionally, I certify that my compensation has no direct or indirect relationship with the specific recommendations or views expressed in this report.
The analysts involved in the preparation of this report, or their relatives and associates: (DIPAK M TAKODARA: INH000013679)
<ul>
 	<li>do not have any financial interests in the subject company mentioned in this report;</li>
 	<li>do not own 1% or more of the equity securities of the subject company mentioned in the report as of the last day of the month preceding the publication of the research report;</li>
 	<li>do not have any material conflict of interest at the time of publication of the report. The analysts involved in the preparation of this report or their relatives and associates: (DIPAK M TAKODARA: INH000013679)</li>
 	<li>have not received any compensation from the subject company in the past twelve months;</li>
 	<li>have not managed or co-managed public offerings of securities for the subject company in the past twelve months; (c) have not received any compensation for investment banking, merchant banking, or brokerage services from the subject company in the past twelve months;</li>
 	<li>have not received any compensation for products or services other than investment banking, merchant
banking, or brokerage services from the subject company in the past twelve months;</li>
 	<li>have not received any compensation or other benefits from the subject
company or third party in connection with the report;</li>
 	<li>have not served as an officer, director, or employee of the subject company;</li>
 	<li>are not engaged in market-making activity for the subject company;</li>
 	<li>subject company wasn't a client during twelve months preceding the date of distribution of the research report and there is no services provided to subject company;</li>
 	<li>shall review the third party research report for any untrue statement of material fact or any false or misleading information.</li>
</ul>",100
Vivek,Prashant,9742411510,"3C - 903, Sunteck west world, Naigaon East,",Maharashtra,Mumbai,401208,https://signalz.pro/wp-content/uploads/2024/10/Vivek_Prashant_Nobg.png,"English, Hindi",10,,,"Equity, Future & Options","Technical Analysis, Intraday, Scalping, Price Action","NISM series XV Research Analyst, NISM Investment Advisor I, NISM Investment Advisor II, NISM Mutual Fund Certification","{'entity': 'SEBI', 'registrationId': 'INH200006929', 'affiliationValidity': 'Perpetual', 'registration_date\t': ''}, {'entity': 'BSE', 'registrationId': '5330', 'affiliationValidity': '', 'registration_date\t': ''}",9742411510,,"Plot no. C-7, ‘G’ Block, Bandra Kurla Complex, Bandra(E), Mumbai - 400051",Individual,RA,43,,Vivek Prashant,"<b>RA Vivek Prashant</b><span style=""font-weight: 400;""> is a SEBI-registered Research Analyst with seven years of experience in financial markets. His expertise spans technical analysis, derivatives, and catering to high-net-worth individuals (HNIs). Vivek has built a successful career by making data-driven investment recommendations, identifying market trends, and using various technical indicators &amp; tools for trading decisions.</span>

<b>Investment Philosophy:</b>

<span style=""font-weight: 400;"">Vivek specializes in technical analysis to evaluate securities, combining short-term, long-term, and intraday strategies. His focus is on identifying market trends and using historical data to anticipate price movements. With experience in both fundamental and technical research, Vivek brings a well-rounded approach to decision-making. His background in working with HNI clients reflects his ability to offer tailored investment strategies for diverse portfolios.</span>

<span style=""font-weight: 400;"">At </span><b>Signalz</b><span style=""font-weight: 400;"">, RA Vivek Prashant applies his deep understanding of technical indicators and market behavior to help clients achieve their financial goals. He offers expert insights and tailored advice, enabling clients to make informed decisions in today’s dynamic markets.</span>

<b>Total Work Experience: 10</b><b>+ Years </b>
<ul>
 	<li style=""font-weight: 400;"">Partner at Moneyplant Capital<span style=""font-weight: 400;""> (Nov 2023 – Present)</span><span style=""font-weight: 400;"">
</span><span style=""font-weight: 400;"">Mumbai, Maharashtra, India</span></li>
 	<li style=""font-weight: 400;"">Sr. Research Analyst at Wealthglow<span style=""font-weight: 400;""> (Jan 2022 – Oct 2023)</span><span style=""font-weight: 400;"">
</span><span style=""font-weight: 400;"">Bengaluru, Karnataka, India</span></li>
 	<li style=""font-weight: 400;"">Equity Research Analyst at Invencio<span style=""font-weight: 400;""> (Jan 2019 – Dec 2020)</span><span style=""font-weight: 400;"">
</span><span style=""font-weight: 400;"">Bengaluru Area, India</span></li>
 	<li style=""font-weight: 400;"">Head of Finance at BoxBoy<span style=""font-weight: 400;""> (Sep 2016 – Feb 2018)</span><span style=""font-weight: 400;"">
</span><span style=""font-weight: 400;"">Patna, Bihar, India</span></li>
 	<li style=""font-weight: 400;"">Intern at Karvy Stock Broking Ltd.<span style=""font-weight: 400;""> (Apr 2015 – Jun 2015)</span><span style=""font-weight: 400;"">
</span><span style=""font-weight: 400;"">Kolkata, India</span></li>
</ul>
<h3><b>Education &amp; Certifications</b></h3>
<ul>
 	<li style=""font-weight: 400;"">Master’s Degree, PGDM in Analytics<span style=""font-weight: 400;"">: Praxis Business School (2014 - 2016)</span></li>
 	<li style=""font-weight: 400;"">Excel: Analyzing and Visualizing Cash Flows<span style=""font-weight: 400;""> </span></li>
 	<li style=""font-weight: 400;"">Excel: Economic Analysis and Data Analytics<span style=""font-weight: 400;""> </span></li>
 	<li style=""font-weight: 400;"">Financial Modeling and Forecasting Financial Statements<span style=""font-weight: 400;""> </span></li>
 	<li style=""font-weight: 400;"">Managerial Economics</li>
</ul>",Investment in securities market are subject to market risks. Read all the related documents carefully before investing.,SEBI Registration in no way guarantees performance of the intermediary or provide any assurance of returns to investors.,100
Sandeep,Matta,8815012318,"157, Subhash Nagar",Rajasthan,Udaipur,313001,https://signalz.pro/wp-content/uploads/2024/06/SandeepMatta.jpg,"English, Hindi",18,Founder,TRADEIT Investment Advisor and Beyond Charts,"Equity, Future & Options, Commodity","Numerology, FII data, GANN theories, Open interest, Reversal Opportunities, Swing Trade, Multibagger","NISM XA, NISM XB","{'entity': 'SEBI', 'registrationId': 'INA100004111', 'affiliationValidity': 'Perpetual'}, {'entity': 'BSE', 'registrationId': '1343', 'affiliationValidity': ''}",8815012318,,"Ground Floor, Jeevan Nidhi 2 LIC Building ,Ambedkar Circle, Bhawani Singh Rd, Jaipur, Rajasthan 302005
Phone: 0141 274 4212",Individual,RIA,26,,Sandeep Matta,"CA SANDEEP MATTA, first time entrepreneur and Founder of “TRADEIT” and is a SEBI registered investment Advisor offering end to end advisory services in equity and commodity market via his android mobile application named TRADEIT since 2016.

He is also founder of “Beyond Charts” a unique stock market learning platform which aims to empower investors and traders with his class apart learning modules while addressing perennial problem of stock market via Numerology, FII footprints, Red flags, market moneyness, GANN, Multibagger spotting, Risk management, price action, confluence zones etc.

Covered by CNBC Awaaz, Sandeep possesses deep understanding on fundamental and technical setups of equity markets and keenly track open interest, derivative options, valuations and reversal opportunities. He is regularly giving his opinion on benchmark indices, stocks, commodities and other related topics on leading business news platform such as BizTak (AajTak Group), India News Business, Lok Mat, CNBCTV18, MoneyControl, News18, Mint, Financial Express, ET, Goodretuns, Zee etc.

Prior to his stint in “TRADEIT” and “Beyond Charts”, he has spearheaded business finance, budgeting and reporting vertical of multiple industries such as Apparel, Bead wire, Mobile payment, Fertilizer, Telepresence and video conferencing in renowned organizations such as FINO, Tata Communications, Aditya Birla Nuvo &amp; Coca Cola Beverages.

With over 18 years of experience, Sandeep is a qualified Chartered Accountant (CA) and Company Secretary (CS). He is also a qualified Management Accountant and holds a degree from CIMA (London).

Away from work, he is developing interest and skills in chess with his kid and loves to explore places with his family.","Equity Investment are subject to 100% market risks. Refer your financial consultant advice before Investing. This workshop is only for Educational and Learning, Knowledge Purposes. Host / Expert has no responsibility for your intended decision &amp; financial losses. Keep calculated &amp; always analyzed your cash position and risk bearing capacity before following msg of our group postings. Stock market investments are VERY RISKY and being part of this group, you agree that you understand the Market risks involved. Profits and Losses are part of Share market. Kindly understand and act wisely. All member pls follow guidelines as applicable even in past too. Now SEBI is more strict about their actions. Pls kindly co-operate.

This course does not provide any tips/recommendations/advice
All updates/observations/discussions are only for education and learning purpose.
Do Consult your financial advisor before taking trades or investment decisions
Host / Expert is not responsible for any financial losses
Disclaimer/disclosure/terms and conditions applicable to all the participants of this course

I am a SEBI Registered Investment Advisor and offering advisory services within the stipulated framework from the regulator SEBI.","CA SANDEEP MATTA, first time entrepreneur and Founder of “TRADEIT” and is a SEBI registered investment Advisor (INA100004111) offering end to end advisory services in equity and commodity market",0
Aakash,Rathore,8962296008,"151/6, Samajwad Nagar",Madhya Pradesh,Indore,452002,https://signalz.pro/wp-content/uploads/2025/03/AkashRathore.png,"English, Hindi",6,Proprietor,Growth Edge,"Equity, Future & Options, Commodity","Technical Analysis, Time Cycles Theory",NISM Research Analyst XVI,"{'entity': 'SEBI', 'registrationId': 'INH000013642', 'affiliationValidity': 'Perpetual', 'registration_date\t': ''}, {'entity': 'BSE', 'registrationId': '5919', 'affiliationValidity': '', 'registration_date\t': ''}",8962296008,,"1st Floor, Satguru Parinay, 104-105, AB Rd, Opposite C-21 Mall, Scheme No 54, Indore, Madhya Pradesh 452010",Individual,RA,58,,Aakash Rathore,"<p class="""" data-start=""66"" data-end=""351""><strong data-start=""66"" data-end=""84"">Aakash Rathore</strong> is a SEBI-registered Research Analyst (Registration No. INH000013642) with over five years of experience in the Indian equity markets. He is the founder of <strong data-start=""241"" data-end=""256"">Growth Edge</strong>, where he specializes in equity research, technical analysis, and market strategy development.</p>
<p class="""" data-start=""353"" data-end=""656"">Aakash holds a Master of Commerce (M.Com) degree and has earned certifications from the National Institute of Securities Markets (NISM), underscoring his commitment to professional excellence. He is also a <strong data-start=""559"" data-end=""611"">Chartered Accountancy (CA) Final-level candidate</strong>, further strengthening his financial acumen.</p>
<p class="""" data-start=""658"" data-end=""963"">Beyond his research and advisory work, Aakash is deeply passionate about education and mentorship. He has trained numerous students in equity research and trading strategies, effectively blending theoretical foundations with real-world applications to empower the next generation of investors and traders.</p>
<p class="""" data-start=""965"" data-end=""1239"">Through Growth Edge, Aakash offers research and advisory services that strictly adhere to SEBI regulations and uphold the highest ethical standards. His focus is on delivering accurate, timely, and actionable insights to help clients make well-informed investment decisions.</p>","Investment in securities market are subject to market risks. Read all the related documents carefully before investing.

Registration granted by SEBI, and certification from NISM in no way guarantee performance of the Research Analyst or provide any assurance
of returns to investors.","1. Research entity or Research Analyst or his associate or his relative may have financial interest or actual / beneficial ownership of one per cent or more in the securities recommended in its personal portfolio at the end of the month immediately preceding the date of publication of the research report or date of the public appearance. Details of the same may be referred through the disclosures made at the time of advice.

2. There are no actual or potential conflicts of interest arising from any connection of Research entity or Research Analyst or his associate or his relative to or association with any issuer of products/ securities, including any material information or facts that might compromise its objectivity or independence in the carrying on of Research Analyst services. Such conflict of interest shall be disclosed to the client as and when they arise.

3. Research analyst or research entity or its associates or relatives, may have actual/beneficial ownership of one percent or more securities of the subject company, at the end of the month immediately preceding the date of publication of the research report or date of the public appearance or research recommendation. Details of the same may be referred through the disclosures made at the time of advice.

4. Research entity or Research analyst or its associate or relatives has no connection or association of any sort with any issuer of products/ securities recommended herein.

5. Research analyst or his associate or his relative has no actual or potential conflicts of interest arising from any connection to or association with any issuer of products/ securities, including any material information or facts that might compromise its objectivity or independence in the carrying on of research and recommendations services.

6. Research entity or Research analyst or its associates has not received any kind of remuneration or consideration form the products/ securities recommended herein.

7. Research entity or Research analyst or its associates have not received any compensation from the subject company in past 12 months.

8. Research entity or Research analyst or its associates have not managed or co-managed the public offering of Subject Company in past 12 months.

9. Research entity or Research analyst or its associates have not received any compensation for investment banking or merchant banking of brokerage services from the subject company in past 12 months.

10. Research entity or Research analyst or its associates have received any compensation for products or services other than investment banking or merchant banking or brokerage services from the subject company in the past twelve months.

11. Research entity or Research analyst or its associates have not received any compensation or other benefits from the subject company or third party in connection with the research report or research recommendations.

12. Research entity or Research analyst or its associates have not received any compensation for products or services from the subject company in past 12 months.

13. The subject company is or was not a client of Research entity or Research analyst or its associates during twelve months preceding the date of distribution of the research report and recommendation services provided.

14. Research Analysts or its associates has not served as an officer, director or employee of the subject company.

15. Research Analysts has not been engaged in market making activity of the subject company.",0
Kush,Ghodasara,9662378887,"506, Prasham, Near Dharam cinema, Kasturba road,",Gujarat,Rajkot,360001,https://signalz.pro/wp-content/uploads/2024/07/Kush-Ghodasara-e1720424103633.webp,"Hindi, English, Gujarati",13,Proprietor,LuvKush Finserve,Future & Options,"Fundamental Analysis, Technical Analysis, Intraday Trading",Certified Financial Planner (CFP) from FPSB India,"{'entity': 'SEBI', 'registrationId': 'INH000002137', 'affiliationValidity': 'Perpetual', 'registration_date\t': ''}, {'entity': 'BSE', 'registrationId': '5140', 'affiliationValidity': '', 'registration_date\t': ''}",9662378887,,"SEBI Bhavan, Western Regional Office, Panchavati Society, Gulbai Tekra, Ahmedabad, Gujarat 380006",Individual,RA,35,,Kush Ghodasara,"Kush Ghodasara is a highly regarded financial service provider based in Gujarat, known for his expertise in Equity market research, Research Advisory, and Financial Planning consultancy. With an impressive track record, Kush Ghodasara has been serving a diverse clientele of investors and traders under Research Advisory, providing valuable insights and guidance. Kush Ghodasara excels in both Fundamental and Technical Analysis, providing clients with informed investment guidance that prioritizes long-term stability and sustainability over speculative gains.

Kush enhanced his expertise by earning a Certified Financial Planner (CFP) certification from FPSB India, enabling him to provide tailored holistic financial planning solutions to his clients. As a responsible and compliant professional, Kush is registered with the Securities and Exchange Board of India (SEBI) under the Research Analyst Regulations Act 2014. SEBI Registration number : INH000002137

As an engaging and articulate communicator, Kush actively participates in seminars, conferences, and financial events, sharing his insights on equity markets and financial planning.","<section class=""p-20"">
<h1>STATEMENT OF POLICY ON THE MANAGEMENT OF CONFLICTS OF INTEREST IN RELATION TO INVESTMENT RESEARCH</h1>
<h2>Scope</h2>
This Statement of Policy relates to the Investment Research publications produced by a KUSH JITESH GHODASARA (“KUSH JITESH GHODASARA”) and it outlines the arrangements that seek to ensure that these publications are produced independently and impartially, and that they are not influenced by any potential conflicts of interest arising from our other activities.

Investment Research may include recommendations but they are not intended as an offer or solicitation to engage in specific transactions in securities, financial instruments or strategies. Additionally, Investment Research will not take into account the particular investment objectives, financial conditions, or needs of individual clients and it should not be considered as investment advice.
<h2>Purpose of this Statement of Policy</h2>
This Statement of Policy is designed to provide an overview of the arrangements employed by KUSH JITESH GHODASARA, which seek to ensure that its Investment Research publications are produced independently and impartially, and in particular that they are not affected by any actual or potential conflicts of interest that may arise from other activities of KUSH JITESH GHODASARA.

This Statement of Policy is particularly directed at the recipients of KUSH JITESH GHODASARA Investment Research, in order that they can properly understand the context in which the Investment Research has been prepared and distributed, and in particular how KUSH JITESH GHODASARA has sought to take all reasonable steps to prevent conflicts of interest from giving rise to a material risk of damage to the interests of its clients.
<h2>This Statement of Policy is Intended:</h2>
The production and distribution of Investment Research publications by KUSH JITESH GHODASARA, and the activities of KUSH JITESH GHODASARA Investment Research analysts, are governed by the Code of Conduct Applicable to Research Activities within KUSH JITESH GHODASARA, which states that:
<blockquote>""KUSH JITESH GHODASARA seeks to adhere to the highest professional ethical standards in order to best serve the interests of its clients. This Code of Conduct sets forth the principles on which the KUSH JITESH GHODASARA will prepare and issue Research and defines the professional duties of the analysts. All Research is produced in accordance with this code and each Research Function must implement procedures to comply with the relevant aspects of this code.""</blockquote>
Outlines of the key arrangements relied on to ensure independence and impartiality in the production and distribution of Investment Research publications are set out in the following sections of the Statement of Policy.
<h2>This Statement of Policy is Intended:</h2>
<ul>
 	<li>To support the commercial imperative to adhere to high professional and ethical standards in serving the best interests of KUSH JITESH GHODASARA clients;</li>
 	<li>To outline of the key arrangements relied on to ensure independence and impartiality in the production and distribution of Investment Research publications as set out in the succeeding sections of the Statement of Policy;</li>
</ul>
<h2>The Research Function:</h2>
<h3>Governance, supervision and remuneration</h3>
KUSH JITESH GHODASARA Investment Research analysts are qualified and registered with appropriate regulatory authorities as necessary. KUSH JITESH GHODASARA Investment Research analysts are not involved in the solicitation or provision of investment banking services. Research analysts are not permitted to attend client pitches and are not allowed to be active participants at offering related investor road-shows. KUSH JITESH GHODASARA Investment Research analysts may not trade for their personal accounts or accounts over which they have an influence in securities issued by or in relation to companies in the sector(s) which they cover, or in derivatives relating to such securities or companies. Any personal account dealing by KUSH JITESH GHODASARA Investment Research analysts is governed by policies and procedures on personal account dealing, which require the registration of dealing accounts and the pre-approval of trades.

KUSH JITESH GHODASARA Investment Research analysts are also required to observe policies and procedures concerning the giving or receiving of gifts or entertainment. These policies and procedures limit the value of gifts or entertainment that may be given or received. Where the value of a gift or entertainment offered or received exceeds certain pre-determined thresholds or does not conform to the policy, it must not be offered or accepted unless it is pre-approved by management and Compliance.

The purpose of this policy is to allay any concern that a conflict of interest might be created. All Investment Research publications must carry the analyst’s certification that:
<ul>
 	<li>The views expressed in the Investment Research publication accurately reflect their personal views about the issuers or securities covered; and</li>
 	<li>No part of their compensation was, is, or will be related, directly or indirectly, to the specific recommendations or views expressed in the Investment Research publication.</li>
</ul>
<h3>Editorial and approval processes</h3>
The Research function has defined editorial and approval processes that are designed to ensure that Investment Research publications:
<ul>
 	<li>Are fair, clear, not misleading and prepared in good faith, and the basis on which any opinion or analysis is expressed is supported by appropriate due diligence and relevant data;</li>
 	<li>Identify the reliable sources used for the Investment Research;</li>
 	<li>Identify the valuation methods and assumptions employed;</li>
 	<li>Identify the Investment Research analyst that is the author of the Investment Research publication;</li>
 	<li>Provide the date of the first distribution of the Investment Research publication;</li>
 	<li>Contain only information which is available from public sources;</li>
 	<li>Avoid sensationalism or provocative language;</li>
 	<li>Adequately disclose where information is reproduced from third party sources; and</li>
 	<li>Contain appropriate Disclosures and Disclaimers.</li>
</ul>
<h3>Disclosures</h3>
KUSH JITESH GHODASARA seeks to take all reasonable steps to prevent conflicts of interest from giving rise to a material risk of damage to the interests of its clients. KUSH JITESH GHODASARA discloses in its Investment Research publications those factors that might give rise to a perception that an Investment Research analyst’s independence could be compromised.

In the event that it is decided to terminate coverage of a company/issue, the final Investment Research publication on the company/issue will make this clear, and explain the reasons for the termination of coverage. To manage your publication alerts, please visit the “My Alerts” section of “My GlobalMarkets”. From time to time, KUSH JITESH GHODASARA may be required to restrict research its publication or distribution of Investment Research due to certain restrictions as determined, on case-by-case basis, by the Compliance or Legal Departments of KUSH JITESH GHODASARA or based upon advice of Counsel.
<h3>Audience</h3>
KUSH JITESH GHODASARA Investment Research publications are intended for viewers, readers, institutional clients, qualified institutional buyers, professional investors or professional clients as defined within local laws of the countries in which KUSH JITESH GHODASARA Investment Research publications are distributed.
<h2>Other Organizational and Administrative Arrangements Designed to Identify and Manage Conflicts of Interest</h2>
KUSH JITESH GHODASARA seeks to ensure that Investment Research analysts are not exposed to non-public information, which cannot be included (or relied on) in their Investment Research publications.

Information barriers around Investment Research function related to public-side businesses of KUSH JITESH GHODASARA In addition to the barriers described above, the Investment Research function is separated so as to manage the restricted interaction with other public-side businesses within KUSH JITESH GHODASARA appropriately, and to preserve the confidential nature of non-published research materials and/or information.
<h2>Whistleblower Program</h2>
KUSH JITESH GHODASARA has committed to handling any reported breaches of its Code of Conduct in a confidential manner according to its whistleblower framework. Employees are encouraged to use a hotline in their region, where available, to report issues and consult with Compliance personnel.
<h2>Understanding this Statement of Policy</h2>
As described above, this Statement of Policy is designed to provide an overview of the policies and procedures of KUSH JITESH GHODASARA that are intended to ensure its Investment Research publications are produced independently and impartially, and in particular that these publications are not affected by any actual or potential conflicts of interest that may arise from our other activities. Publication and provision of this Statement of Policy is for information purposes only and does not create any third-party rights or duties that would not otherwise exist, nor does it form part of any contractual arrangement between KUSH JITESH GHODASARA and any existing or potential client.

</section>",I do not have any vested interest in any of the calls recommended by me. Neither my family has any involvement or vested interest in the recommendations given by me. Please strictly follow stop losses in each recommendations.,67
A and Y ,Market Research,8347001885,"512, Sun Avenue One, Ambawadi, Manekbag Shyamal Road",Gujarat,Ahmedabad,380006,https://signalz.pro/wp-content/uploads/2025/04/Jagruti_HD.jpg,"English, Hindi, Gujarati",10,Partner,A and Y Market Research,"Equity, Commodity","Technofunda Analysis, Specialized Research Reports on Equity and Commodities","NISM Series XV Research Analyst , FXTM Certification","{'entity': 'SEBI', 'registrationId': 'INH000015419', 'affiliationValidity': 'Perpetual', 'registration_date\t': '20240313'}, {'entity': 'BSE', 'registrationId': '6082', 'affiliationValidity': '', 'registration_date\t': ''}",8347001885,,"SEBI Bhavan, Western Regional Office,
Panchvati 1st Lane, Gulbai Tekra Road,
Ahmedabad - 380006, Gujarat",Company,RA,72,,A and Y  Market Research,"Jagruti Pradeep is a Chartered Accountant, FXTM Certified professional, and the Principal Officer at A&amp;Y Market Research, where she also serves as the Managing Partner. With over 7 years of experience in the financial markets, she specializes in equity research, options trading, and commodities.

At A&amp;Y Market Research a SEBI REGISTERED RESEARCH ANALYST - INH000015419, Jagruti leads a team dedicated to providing clear, research-backed strategies tailored to different investment goals.

Her core focus areas include:
<ul>
 	<li>Identifying quality stocks with strong business models, leadership, and consistent performance.</li>
 	<li>Building Technofunda-based strategies, blending technical and fundamental analysis.</li>
 	<li>Designing advanced options trading frameworks to capitalize on market volatility.</li>
 	<li>Offering weekly insights on commodity markets to support portfolio diversification. Providing sectoral research on high-growth areas like Defence, Power, IT, and the Space Economy.</li>
 	<li>Known for her ability to make complex financial concepts easy to understand, Jagruti connects with both new and experienced investors. Her practical, structured approach helps clients make confident and informed investment decisions.</li>
</ul>
As a mentor at Signalz, she brings her deep knowledge, sector insights, and real-market experience to guide users in building robust portfolios and achieving long-term wealth creation.","<span class=""OYPEnA"">Registration granted by SEBI and certification from NISM does not guarantee the intermediary's performance or provide any assurance of returns to investors. </span>

<span class=""OYPEnA"">Past performance should not be considered an indication or guarantee of future performance. We make no representations or warranties, express or implied,</span><span class=""OYPEnA"">
</span><span class=""OYPEnA"">regarding future performance reports including analyses and views from our research team.</span>
<p class=""cgHgbA nxe3IQ Xp24Nw""><span class=""OYPEnA"">Investment in securities market involves market risks. Before making any investment, kindly read all related documents carefully.</span></p>
<p class=""cgHgbA nxe3IQ Xp24Nw""><span class=""OYPEnA"">While the information and views </span><span class=""OYPEnA"">presented in our reports  and through our services (""Research Information"") are believed to be reliable, we do not </span><span class=""OYPEnA"">assert or warrant the accuracy, completeness, or reliability of the information contained in our Research Information. We strongly advise investors and clients to </span><span class=""OYPEnA"">independently assess the market conditions and risks before making any trading or investment decisions.</span></p>","<section id=""PBfsLglD534t4hKy"" class=""rGeu6w"" data-scroll-ready=""true"">
<div class=""_8jGYJw"">
<div class=""fMSICA h517IA"" aria-hidden=""false"">
<div class=""_5yhCRQ"">
<div class=""onhyOQ"">
<div class=""twbtjQ"">
<div class=""GDnEHQ"">
<div class=""o2Yl2g"">
<div class=""_mXnjA"" lang=""en-GB"">
<div class=""DF_utQ _682gpw _0xkaeQ"">
<div class=""aF9o6Q _0yZ6Qg"">
<div class=""AdBbhQ hGbcYA rLWGlw _7rUwsA"" lang=""en-GB"">
<p class=""cgHgbA nxe3IQ Xp24Nw PanoWQ""><span class=""OYPEnA"">A&amp;Y Market Research, is a SEBI Registered Research Analyst (INH000015419) by SEBI (Research Analyst) Regulations, 2014, with a registered office as</span><span class=""OYPEnA""> M/S A&amp;Y </span><span class=""OYPEnA"">Market Research, 512, Sun Avenue One, Nr. Shreyash Foundation, Manekbag Shyamal Road, Ambavadi, Ahmedabad - 380006, Gujarat </span></p>
<p class=""cgHgbA nxe3IQ Xp24Nw""><span class=""OYPEnA"">We </span><span class=""OYPEnA"">provide fundamental and technical reports, including charts and other technical tools, to identify market patterns and offer insights into past trading trends and </span><span class=""OYPEnA"">expectations for future market conditions.</span></p>
<p class=""cgHgbA nxe3IQ Xp24Nw""><span class=""OYPEnA"">We prepare our reports, information, and opinions, and </span><span class=""OYPEnA"">may be subject to change without notice. The content is strictly confidential and intended solely for the selected recipient. It may not be altered, transmitted, </span><span class=""OYPEnA"">copied, distributed, in part or in whole, to any other person, or media, or reproduced without our prior written consent. The information in the report is derived from </span><span class=""OYPEnA"">publicly available data, which we believe to be reliable, but we cannot guarantee its accuracy or completeness.</span></p>
<p class=""cgHgbA nxe3IQ Xp24Nw""><span class=""OYPEnA"">It is purely for informational purposes and does not constitute investment recommendations or advice, an offer or solicitation to buy or sell securities. The</span><span class=""OYPEnA"">
</span><span class=""OYPEnA"">opinions expressed in the report represent our current opinions as of the report's date and may change without notice.</span></p>

</div>
</div>
</div>
<div class=""DF_utQ _682gpw _0xkaeQ"">
<div class=""Zp7NQw"">
<div class=""a26Xuw"">
<div class=""PcHy7w"">
<div class=""uk_25A Ty61NA"">
<div class=""Izwocg"">We, or any individuals associated with us, do not accept any liability arising from using this document.</div>
</div>
</div>
</div>
</div>
</div>
</div>
</div>
</div>
</div>
</div>
</div>
</div>
</div>
</section><section id=""PB6DXvp8bJVhMtC1"" class=""rGeu6w"" data-scroll-ready=""true"">
<div class=""_8jGYJw"">
<div class=""fMSICA h517IA"" aria-hidden=""false"">
<div class=""_5yhCRQ"">
<div class=""onhyOQ"">
<div class=""twbtjQ"">
<div class=""GDnEHQ"">
<div class=""o2Yl2g"">
<div class=""_mXnjA"" lang=""en-GB"">
<div class=""DF_utQ _682gpw _0xkaeQ"">
<div class=""aF9o6Q _0yZ6Qg"">
<div class=""AdBbhQ hGbcYA rLWGlw _7rUwsA"" lang=""en-GB"">
<p class=""cgHgbA nxe3IQ Xp24Nw""><span class=""OYPEnA"">Investors should not rely solely on the information in this report and must make investment decisions based on their investment objectives, judgment, risk profile, and financial position. I encourage you to seek professional advice before acting on this information.</span></p>
<p class=""cgHgbA nxe3IQ Xp24Nw""><span class=""OYPEnA"">We confirm that no material disciplinary action has been taken against us by any regulatory authority affecting Equity Research activities. By accessing this
website, you acknowledge that you have read, understood, and agreed to be legally bound by the terms of this disclaimer and user agreement.</span></p>
<p class=""cgHgbA nxe3IQ Xp24Nw""><span class=""OYPEnA"">Our email aandymarketresearch@gmail.com expressly disclaims any implied warranties as dictated by the laws of any jurisdiction.</span></p>
<p class=""cgHgbA nxe3IQ Xp24Nw""><span class=""OYPEnA"">We subject ourselves  to the jurisdiction of the courts in Gujarat, India. If you disagree with any of our disclaimers, please don't read the material on our pages. This email is primarily intended for users in India. While access for users outside India is not denied, our website  bears no legal liabilities beyond the laws of India.</span></p>
<p class=""cgHgbA nxe3IQ Xp24Nw""><span class=""OYPEnA"">We reserve the right to make changes to our disclaimers, terms, and conditions at any time.</span></p>
<p class=""cgHgbA nxe3IQ Xp24Nw""><span class=""OYPEnA"">A&amp;Y Market Research- SEBI Registered Research Analyst -Registration Number: INH000015419</span></p>

</div>
</div>
</div>
</div>
</div>
</div>
</div>
</div>
</div>
</div>
</div>
</section>",100
Ashish,Kumar,7042020207,D 104 KRISHNA PARK DEVLI ROAD KHANPUR NEW DELHI ,Delhi,New Delhi,110062,https://signalz.pro/wp-content/uploads/2024/08/AshishKumar_2.png,"English, Hindi",13,Proprietor,stoxbazar,"Equity, Future & Options","Long Term, Swing Trading, Positional, Intraday","NISM XV Series Research Analyst Certification, NISM VIII Series - Equity Derivative Certification","{'entity': 'SEBI', 'registrationId': 'INH100008939', 'affiliationValidity': 'Perpetual', 'registration_date\t': ''}, {'entity': 'BSE', 'registrationId': '5501', 'affiliationValidity': '', 'registration_date\t': ''}",7042020207,,"8th Floor, Tower 1, Block A, East Kidwai Nagar, Kidwai Nagar, New Delhi, Delhi 110023",Individual,RA,40,,Ashish Kumar,"<strong>RA Ashish Kumar</strong> is a highly accomplished professional in the financial services arena and the esteemed Founder of StoxBazar. With a career spanning over a decade, Ashish has gained extensive experience and expertise in various roles such as Engineer, Sr. Equity Analyst, Technical Analyst, and Trainer since 2011. He has had the privilege of working as a research analyst with renowned companies throughout India.

Ashish holds degrees in computer science, with a Master's in Computer Applications (M.C.A) and a Bachelor's in Computer Applications (B.C.A). He has also pursued studies in Electronics and Communication, earning a Bachelor's in Technology (B.Tech) in the field.

With a diverse skill set, Ashish possesses a comprehensive understanding of technical analysis, fundamental research, price action trading, bottom-up research, quantitative and qualitative analysis, and options strategies, among others. His primary objective is to construct portfolios that offer attractive returns while mitigating risk. These portfolios are meticulously designed to outperform the market in both bullish and bearish conditions, reflecting Ashish's dedication to achieving consistent growth.

A key aspect of Ashish's investment approach is the regular rebalancing of portfolios, ensuring alignment with evolving market dynamics. By implementing strategic adjustments on a monthly basis, he actively manages risk and capitalizes on emerging opportunities.

Ashish Kumar's unwavering commitment to excellence and his profound expertise in financial analysis make him a trusted name in the industry. Through StoxBazar, he continues to deliver exceptional financial services, empowering clients to navigate the complexities of the market and achieve their investment goals.","<em>Investments in securities market are subject to market risks. Read all the related documents carefully before investing. Registration granted by SEBI, membership of BASL (in case of IAs) and certification from NISM in no way guarantee performance of the intermediary or provide any assurance of returns to investors</em>

&nbsp;

The materials are provided “as is”. RA makes no warranties, expressed or implied, and hereby disclaims and negates all other warranties, including without limitation, implied warranties or conditions of merchantability, fitness for a particular purpose, or non-infringement of intellectual property or other violation of rights. Further, RAdoes not warrant or make any representations concerning the accuracy, likely results, or reliability of the use of the materials on its Internet web site or otherwise relating to such materials or on any sites linked to this site.","Investment in securities market are subject to market risks. Read all the related documents carefully before investing. Registration granted by SEBI, and certification from NISM in no way guarantee performance of the intermediary or provide any assurance of returns to investors.

License Holder Name: Ashish Kumar

SEBI Registration No.: INH100008939

SEBI-Reg. supervisory body: BSE

Supervisory body membership ID: 5501",100
Ramprasad,Mundada,9423976279,"Shakuntala Niwas, Mondha Road, Datta Mandir, 
Javal Housing Society,
Ambajogai, Beed Dist ",Maharashtra,Ambajogai,431515,https://signalz.pro/wp-content/uploads/2024/12/Ram-Mundada-scaled-e1733987759751.jpeg,"English, Hindi, Marathi",11,Proprietor,Maxpro Capital Advisory,Future & Options,"Technical Analysis, Fundamental Analysis, Sectorial Analysis, Commodity Positional Trades, Swing Trades, Positional Trades, Intraday",NISM XV ,"{'entity': 'SEBI', 'registrationId': 'INH000010690', 'affiliationValidity': 'Perpetual', 'registration_date\t': ''}, {'entity': 'BSE', 'registrationId': '5667', 'affiliationValidity': '', 'registration_date\t': ''}",9423976279,,"Plot No.C4-A, G Block BKC, Bandra Kurla Complex, Bandra East, Mumbai, Maharashtra 400051",Individual,RA,49,,Ramprasad Mundada,"<span style=""font-weight: 400;"">Ramprasad Mundada, a SEBI-registered Research Analyst (INH000010690), is a seasoned professional with 11+ years of experience in the Equity and Commodity Markets. Operating under MaxPro Capital Advisory, he specializes in swing trades, positional trades, and commodity positional trades, offering strategies tailored to diverse investor needs.</span>

<span style=""font-weight: 400;"">With a Chartered Accountant background, Ramprasad combines Technical Analysis, Fundamental Analysis, and Sectorial Analysis to deliver actionable, research-backed insights. His expertise has been recognized by platforms like Business Insider, where he has been featured for his trade ideas.</span>

<span style=""font-weight: 400;"">Fluent in English, Hindi, and Marathi, Ramprasad ensures effective communication with a wide range of investors. He is passionate about technical and fundamental research of stocks, frequently invited as a guest lecturer at colleges and institutions to educate aspiring investors.</span>

<span style=""font-weight: 400;"">As part of Signalz, he is committed to providing users with precise trade recommendations, sector-specific insights, and simplified trading strategies, ensuring informed decision-making.</span>","Disclaimer:

There is no position in above Or Below recommendation of the analyst, his employees and his associates and his relatives are holding

Registration granted by SEBI and certification from NISM in no way guarantee performance of the intermediary or provide any assurance of returns to investors.

Warning:

Investment in securities market are subject to market risks.Read all the related documents carefully before investing.","1.     Investments in securities market are subject to market risks. Read all the security related documents carefully before investing.

2.     Registration granted by SEBI and certification from NISM in no way guarantee performance of the intermediary or provide any assurance of returns to investors.

3.     Subscription paid for Research recommendations is non-refundable for whatsoever reason.

4.     There is no guaranteed returns or profits or fixed returns in the stock market.

5.     Our fees/subscription charges are fixed and we do not operate on any profit-sharing model.

6.     We do not manage your funds. You have to take entries and exits in your own account.

7.     There is no inducement. We are not responsible for any financial loss or any other loss incurred by the client.

8.     Invest/Trade only as per your risk appetite and risk profile.

9.     Past performances and results are no guarantee of future performance. Market and Stocks performance may vary based on various factors and risks.

10.  All recommendations shared are confidential and for the reference of paid members only. Any unapproved distribution of sensitive data will be considered as a breach of confidentiality and appropriate legal action shall be initiated.

11.  The recommendations must not be used as a singular basis of any investment decision. The views do not consider the risk appetite or the circumstances of an individual investor; readers are requested to take professional advice before investing and trading. Our recommendations should not be construed as investment advice.

12.  Our recommendation may be based on Technical and/or Fundamental and/or Combination of Technical and fundamental.

13.  The research analyst or research entity or his associate or his relative do not have financial interest in the subject company.

14.  The research analyst or its associates or relatives, do not have actual/beneficial ownership of one per cent or more securities of the subject company, at the end of the month immediately preceding the date of publication of the research report or date of the public appearance.

15.  The research analyst or his associate or his relative do not have any other material conflict of interest at the time of publication of the research report or at the time of public appearance.

16.  The research analyst or its associates have not managed or co-managed public offering of securities for the subject company in the past twelve months.

17.  The research analyst or its associates have not received any compensation or other benefits from the subject company or third party in connection with the research report.

18.  The research analyst has not been engaged in market making activity for the subject company.

19.  The research analyst has not served as an officer, director, or employee of the subject company in past 3 years.

20.  The research analyst did not receive any compensation or other benefits from the companies mentioned in the documents or third party in connection with preparation of the research documents. Accordingly, research Analyst does not have any material conflict of interest at the time of publication of the research documents

21. By proceeding, the user confirms that they have read and accepted the <strong>Disclosure Policy</strong>, <strong>Refund and Cancellation Policy</strong>, <strong>Privacy Policy</strong>, and <strong>Grievance Redressal Policy</strong>. Additionally, the user acknowledges having read the <strong>Investor Charter</strong> and agrees to all terms and conditions outlined therein.

22. You are required to execute your trade immediately when we provide the trade recommendation. We are not responsible for any price variations that may occur

23. You are strictly prohibited from copying or sharing our trades. If you do so, you will be held liable for further consequences.",0
Sasikumar ,Peyyala,7702262206,"1-2/4, 29/4, Kummaripalem center, Near DSM High School, Vidyadharapuram, Krishna,",Andhra Pradesh,VIJAYAWADA,520012,https://signalz.pro/wp-content/uploads/2025/02/SasikumarPeyyala.jpg,"English, Telugu, Hindi",9,,,"Equity, Future & Options, Commodity","Technical Analysis, Algo Trading, Machine Learning based Trading",NISM Research Analyst XV,"{'entity': 'SEBI', 'registrationId': 'INH000019327 ', 'affiliationValidity': 'Perpetual', 'registration_date\t': '20250107'}, {'entity': 'BSE', 'registrationId': '6469', 'affiliationValidity': '', 'registration_date\t': ''}",7702262206,,"2nd Floor, K Towers, D No. 32-6-14D, T N Rao Street, Visalandhra Road, Prajashakti Nagar, Vijayawada, Andhra Pradesh - 520010",Individual,RA,56,,Sasikumar  Peyyala,"Sasikumar Peyyala is a SEBI-registered research analyst with a deep passion for AI and machine learning-driven trading strategies. With over nine years of experience in financial markets, he specializes in developing data-driven models that empower traders and investors to make smarter, more informed decisions.

A university gold medalist in Machine Learning and AI from IIIT-Andhra Pradesh, he brings a strong foundation in quantitative analysis, algorithmic trading, and risk management. His expertise lies in decoding market complexities using cutting-edge technologies.

Whether you're a seasoned investor or an aspiring trader, his insights can help you navigate the stock market with confidence. Connect and explore how AI-powered strategies can elevate your trading decisions.","MARKET RISKS WARNING: “Investment in securities market are subject to market risks. Read all the related documents carefully before investing.”
LOSS POSSIBILITY: Market risks may result in partial or permanent loss of investments under certain market conditions.

SEBI REGISTRATION: Registration granted by SEBI and certification from NISM do not guarantee the performance of the intermediary nor assure returns to investors.

PAST PERFORMANCE: Past performance is not indicative of future results.

RISK ASSOCIATED IN OPEN POSITIONS: Our recommendations may be open; we may not provide any stop-loss or target price in securities recommendations. This will cause a huge loss on your portfolio in adverse market conditions or company events.

SEBI SPECIFIED MECHANISM FOR FEE COLLECTION: All fee payments for research services must be made through online mode and in “SASIKUMAR PEYYALA” Bank account or through the payment gateway or Centralized Fee Collection Mechanism (CeFCoM). Payments made outside this mechanism are not considered as payment for services under SEBI regulations. No grievances in this regard will be entertained
by SEBI or its recognized regulatory bodies.

NO WARRANTIES: The Research Analyst does not guarantee the accuracy, results, or reliability of content on its website, including merchantability, suitability, and non-infringement.

EXERCISE CAUTION: We provide research analysis and specific securities recommendations but do not offer portfolio management services, personal account handling, profit sharing, or risk-profiling-based investment advisory services. Report any unethical practices to our support/compliance team or SEBI.","Disclosures of all material information: SASIKUMAR PEYYALA: INH000019327

Business Activity:
“SASIKUMAR PEYYALA” is engaged in the business of Research Analyst activities by providing Buy/Sell/Hold calls or other ratings defined to their clients.
“SASIKUMAR PEYYALA” is registered as a Research Analyst under SEBI (Research Analyst) Regulations, 2014. SEBI Reg. No. INH000019327

Disciplinary History:
There has been no instance of any Disciplinary action, penalty, etc. levied/passed by any regulation/administrative agencies against “SASIKUMAR PEYYALA:
INH000019327” and its Partners and associates.

Terms &amp; Conditions of issuance of Research Report issued by “SASIKUMAR PEYYALA: INH000019327”
The Research report is issued to the registered clients. The Research Report or Research recommendations is based on facts, figures, and information that are
considered true, correct, and reliable. The information contained herein is from publicly available data or other sources believed to be reliable.

We have also reviewed the research report or Research recommendations for any untrue statements of material facts or any false or misleading information. The report or recommendations are prepared solely for informational purposes and do not constitute an offer document or solicitation to buy or sell or hold or subscribe for securities or other financial instruments for clients.

RISK Disclosures:
“SASIKUMAR PEYYALA: INH000019327”, its partners, employees, officers, and its affiliates are not responsible for any loss or damage that may arise to any person for any nonchalant error in the information represented in the research report or research recommendations.

Investors may lose his/her entire amount or Investments or portfolio under certain market conditions so acting on any advice or recommendations from research reports, Investors should understand their risk appetite or consult their financial advisers.

The research report or Research recommendations do not take into account any specific investment objective, goal, or financial situation or any specific needs and objectives of any specific individual.

The client obtaining the research report or Research recommendations should act according to his/her own risk appetite and financial position and should also understand the risk involved in capital markets while making investments.

Disclosures with regard to ownership and material conflicts of interest: “SASIKUMAR PEYYALA: INH000019327” or its research analysts or his/her relative or associate don’t have any direct or indirect financial interest in the subject company “SASIKUMAR PEYYALA: INH000019327” or its research analysts, or his/her relative or associate don’t have any other material conflict of interest at the time of
publication of the research report.

“SASIKUMAR PEYYALA: INH000019327” or its research analysts, or his/her relative or associates don’t have actual ownership of 1% or more securities of the subject company

Disclosures with regard to ownership and material conflicts of interest:
“SASIKUMAR PEYYALA: INH000019327” or its associates have received any compensation from the subject company in the past twelve months: NO

“SASIKUMAR PEYYALA: INH000019327” or its associates have managed or co-managed public offering of securities for the subject in the past twelve months: NO

“SASIKUMAR PEYYALA: INH000019327” or its associates have received any compensation for investment banking or merchant banking or brokerage services  from the subject company in the past twelve months: NO

“SASIKUMAR PEYYALA: INH000019327” or its associates have received any compensation for products or services other than investment banking or merchant banking or brokerage services from the subject company in the past twelve months: NO

“SASIKUMAR PEYYALA: INH000019327” or its associates have received any compensation or other benefits from the subject company or third party in
connection with the research report: NO

The research analyst has not served as an officer, director, and employee of the subject company “SASIKUMAR PEYYALA: INH000019327” or its research analyst has been engaged in the market-making activity for the subject company: NO

“SASIKUMAR PEYYALA: INH000019327” or its associates have received any compensation from the subject company in the past twelve months: NO",100
Deepak,Khatri,8829979475,"Plot No. 24, Jwala Prasad Nagar, Naka Madar",Rajasthan,AJMER,305001,https://signalz.pro/wp-content/uploads/2025/04/deepak-khatri.png,"English, Hindi",6,Proprietor,SK Wealth Advisory ,"Equity, Future & Options","Technical Analysis, Fundamental Analysis",NISM Research Analyst Series XV,"{'entity': 'SEBI', 'registrationId': 'INH000019187', 'affiliationValidity': 'Perpetual', 'registration_date\t': '20241231'}, {'entity': 'BSE', 'registrationId': '6468', 'affiliationValidity': '', 'registration_date\t': ''}",6367961478,,"NBCC Complex, Office Tower-1,
8th Floor, Plate B, East Kidwai Nagar,
New Delhi - 110023",Individual,RA,70,,Deepak Khatri,"<p class="""" data-start=""195"" data-end=""385"">With over 6 years of hands-on experience in Index and Stock Options trading, I am a SEBI Registered Research Analyst (INH000019187), passionate about guiding others on their trading journey.</p>
<p class="""" data-start=""387"" data-end=""783"">My story began like many others — as a complete beginner with no prior experience in trading. Through consistent learning, discipline, and real-time market exposure, I transformed from a curious learner to a specialist in Options Trading. Earning my SEBI RA registration has been a milestone in this journey, and it's a reminder that dedication and the right mentorship can truly change the game.</p>
<p class="""" data-start=""785"" data-end=""1168"">Over the years, I’ve helped many students by sharing not just what to do, but more importantly, <strong data-start=""881"" data-end=""899"">what not to do</strong> — lessons shaped by my own early mistakes. I believe in simplifying the market for newcomers, using easy-to-understand language and relatable concepts. Beyond numbers and charts, I focus on building a strong foundation of practical knowledge and risk-aware strategies.</p>
<p class="""" data-start=""1170"" data-end=""1377"">Today, I’m here as a <strong data-start=""1191"" data-end=""1211"">mentor and guide</strong>, committed to helping others attain <strong data-start=""1248"" data-end=""1271"">financial stability</strong> and confidence in the market through personalized guidance, real-world insights, and continuous learning.</p>
<p class="""" data-start=""1379"" data-end=""1443"">Let’s grow together in this exciting world of financial markets.</p>","By accessing and using this website, you agree to be bound by the following terms and conditions.

 The free trial recommendations provided by Deepak Khatri are intended solely for demonstration purposes. The decision to act upon or disregard these
recommendations rests entirely with you.

 Our research recommendations are based on the package you select. Our research analysts conduct comprehensive analysis to generate these recommendations. However, the final decision to follow or avoid these recommendations is yours. Deepak Khatri will not be held liable for any gains or losses resulting from your decisions based on our recommendations.

 Deepak Khatri does not accept responsibility for any losses arising from market fluctuations, delays in receiving recommendations, technical issues, or any
inaccuracies in the information provided. Please be aware that investing and trading in the stock market involves inherent risks, and we are not liable for any losses or damages resulting from these activities.

 All employees, associates, and clients of Deepak Khatri are strictly prohibited from sharing our research reports or any confidential information. Legal action will be pursued in cases of non-compliance with this policy.

 No employee or associate of Deepak Khatri is permitted to accept gifts or personal benefits from clients. All payments should be made exclusively to the official account listed on our website, and not to any individual account.

 We do not manage Demat or trading accounts. Therefore, you should never share your account credentials, including user ID, password, security question answers, or OTPs, with any of our staff members. We will not be held responsible for any issues arising from the sharing of such details.

 “Investment in securities market are subject to market risks. Read all the related documents carefully before investing.”

 “Registration granted by SEBI, membership from BASL, and certification from NISM in no way guarantee performance of the Research Analyst or provide
any assurance of returns to investors.
 “The securities quoted, if any are for illustration only and are not recommendatory.\""

 Deepak Khatri reserves the right to modify these terms and conditions at any time, without prior notice. Any changes will become effective immediately upon being posted on the website.

 By using this website, you acknowledge that you have read, understood, and agreed to the terms of this disclaimer. Trading in the stock market is inherently risky, and you accept full responsibility for the outcomes of your trading decisions, including any potential loss of capital. The information and recommendations provided on this website are intended for informational purposes only and should not be considered as financial advice or a solicitation to buy or sell any securities.

 All content, research, and recommendations provided on this website are for personal use only. Reproduction or distribution of any content from this site without prior written consent from Deepak Khatri is strictly prohibited.

 By continuing to use this website, you confirm your acceptance of these terms and conditions.","The particulars given in this Disclosure Document have been prepared in accordance with SEBI (Research Analyst) Regulations, 2014. For the purpose of this Disclosure Document, Research Analyst is Deepak Khatri, (hereinafter referred as “Research Entity”).

 History, Present business and Background
<ul>
 	<li>Deepak Khatri is registered with SEBI as Research Analyst with registration no. INH000019187. The Research Analyst got its registration on 31st December, 2024 and is engaged in offering research and recommendation services.</li>
</ul>
 Terms and conditions of Research Services
<ul>
 	<li>The Research Services will be limited to providing independent research recommendation and shall not be involved in any advisory or portfolio
allocation services.</li>
 	<li>The Research Analyst never guarantees the returns on the recommendation provided. Investor shall take note that Investment/trading in stocks/Index or
other securities is always subject to market risk. Past performance is never a guarantee of same future results.</li>
 	<li>The Research Analyst shall not be responsible for any loss to the Investors.</li>
</ul>
 Disciplinary history
<ul>
 	<li>There are no pending material litigations or legal proceedings against the
Research Analyst.</li>
 	<li>As on date, no penalties / directions have been issued by SEBI under the SEBI Act or Regulations made there under against the Research Analyst relating to Research Analyst services.</li>
</ul>
 Details of its associates
<ul>
 	<li>No associates</li>
</ul>
 Disclosures with respect to Research and Recommendations Services
<ul>
 	<li>The Research Analyst or any of its officer/employee does not trade in securities
which are subject matter of recommendation.</li>
 	<li>There are no actual or potential conflicts of interest arising from any connection to or association with any issuer of products/ securities, including any material information or facts that might compromise its objectivity or independence in the carrying on of Research Analyst services. Such conflict of interest shall be disclosed to the client as and when they arise.</li>
 	<li>Research Analyst or its employee or its associates have not received any compensation from the company which is subject matter of recommendation.</li>
 	<li>Research Analyst or its employee or its associates have not managed or co-managed the public offering of any company.</li>
 	<li>Research Analyst or its employee or its associates have not received any compensation for investment banking or merchant banking of brokerage services from the subject company.</li>
 	<li>Research Analyst or its employee or its associates have not received any compensation for products or services other than above from the subject company.</li>
 	<li>Research Analyst or its employee or its associates have not received any compensation or other benefits from the Subject Company or 3rd party in connection with the research report/ recommendation.</li>
 	<li>The subject company was not a client of Research Analyst or its employee or its associates during twelve months preceding the date of recommendation services provided.</li>
 	<li>Research Analysts or its employee or its associates has not served as an officer, director or employee of the subject company.</li>
 	<li>Research Analysts has not been engaged in market making activity of the subject company.</li>
</ul>",100
Adarsh,Nimborkar,9130997271,"PRASAD NAGAR, JAITALA ROAD,",Maharashtra,NAGPUR,440022,https://signalz.pro/wp-content/uploads/2025/03/Adarsh-Nimborkar-scaled.jpeg,"English, Hindi, Marathi",5,,,Equity,"Technical Analysis, Fundamental Analysis, Equity Research &amp; Financial Modelling, Industry &amp; Macro Research, Data Interpretation &amp; Statistical Analysis, Valuation Techniques","NISM Investment Advisor Series, NISM Research Analyst XV , NISM Mutual Fund Certification Va, Vb, Vc, NISM Derivatives Certification - I, VIII, XVI","{'entity': 'SEBI', 'registrationId': 'INA000019789', 'affiliationValidity': 'Perpetual', 'registration_date\t': '20250106'}, {'entity': 'BSE', 'registrationId': '2228', 'affiliationValidity': '', 'registration_date\t': ''}",9130997271,,"PN-C/7, G Block BKC, Bandra Kurla Complex, Bandra East, Mumbai, Maharashtra 400051",Individual,RIA,67,,Adarsh Nimborkar,"Adarsh Nimborkar is a seasoned investment advisor with over eight years of experience in the financial markets. He holds an MBA in Finance and is NISM certified in modules I, Va, Vb, Vc, VIII, XA, XB, XV, and XVI. Adarsh provides expert guidance on stock market investments, options trading, and portfolio building. His insights are driven by in-depth research and a structured approach to risk management, empowering investors to make well-informed decisions.

Investors should note that NO investment comes with a guarantee, and SEBI registration, NISM certification, or past performance does not ensure future profits.","The content provided on this profile, including but not limited to blog posts, social media updates, videos, or any other form of communication, is intended solely for informational  and educational purposes. It is not intended to serve as professional financial, investment, or legal advice.

I, Adarsh Nimborkar, am not liable for any decisions or actions taken by individuals based on the information provided. While I strive to ensure the accuracy and reliability of the content, the market is inherently volatile, and past performance does not guarantee future results.

The content provided here should not be construed as an offer, solicitation, or
recommendation for any financial products or services.

Investing in the financial markets involves risk, including the loss of principal, and all individuals should carefully evaluate their financial situation and consult with a licensed financial advisor before making any decisions. Any investment strategies, tips, or insights shared on this profile may not be suitable for everyone, and each individual’s financial goals and risk tolerance must be considered before proceeding with any investment decisions.

I do not provide personalized investment advice, and any comments, discussions, or general advice provided on this profile are for informational purposes only. You are encouraged to seek professional advice tailored to your individual needs from qualified professionals who are fully aware of your unique circumstances

Calls: Any calls provided on this profile are made after conducting a risk profiling of each individual. These calls are intended to align with your risk tolerance and financial goals. However, market conditions can change rapidly, and no guarantees or promises of returns are made. All investments carry inherent risks, and it’s important to be aware of the potential for loss.","I provide services related to Portfolio Building, Financial Planning, Research Reports, and Calls based on your individual risk profiling. These services are meant to inform, guide, and help you make better financial decisions, but they do not guarantee any returns or profits.

Investments are inherently risky, and I am not responsible for any financial losses incurred based on the information or services provided. As part of my work, I may have personal or professional interests that could influence my recommendations, opinions, or analysis. These interests may include investments in securities or other financial products that I discuss or analyze. However, I am committed to
maintaining transparency and ethical standards in all the information I provide.

Important Notes:

 Market Risk: Investments in financial markets are subject to fluctuations, and the
value of investments can go up or down. The risk of loss is real, and individuals
should assess their risk tolerance before investing.

 No Guarantee of Profits: Any reference to returns, growth, or profitability in my
services, posts, or videos does not imply that similar results will occur in the future.
There are no guarantees of financial gains or profits.

 Personal Interests: I may hold investments in the same securities, products, or
markets that I discuss or analyze. However, these personal interests do not affect the
objectivity of the information I provide. I make efforts to avoid any conflicts of
interest and fully disclose any potential conflicts when relevant.

 No Endorsement of Third-Party Products/Services: If I mention third-party financial products, services, or platforms, it is for informational purposes only. I do not endorse or recommend these products unless explicitly stated.",100
Pramod,Patil,7984516778,"Ward No-26/E, R.S.No. 0249, Paiki Plot No 12, Navanagar Dindoli",Gujarat,SURAT,394210,https://signalz.pro/wp-content/uploads/2025/04/Pramod-Patil_NoBG.png,"English, Hindi, Gujarati",7,PROPRIETOR ,K P RESEARCH ANALYSIS SERVICES,"Equity, Future & Options","Technical Analysis, Fundamental Analysis",NISM Research Analyst Series XV,"{'entity': 'SEBI', 'registrationId': 'INH000017286', 'affiliationValidity': 'Perpetual', 'registration_date\t': ''}, {'entity': 'BSE', 'registrationId': '6271', 'affiliationValidity': '', 'registration_date\t': ''}",8200758175,,"SEBI Bhavan, Western Regional Office, Panchvati 1st Lane, Gulbai Tekra Road, Ahmedabad - 380006, Gujarat. ",Individual,RA,71,,Pramod Patil,"<p class="""" data-start=""132"" data-end=""493"">Pramod Patil is a SEBI Registered Research Analyst with a strong background in trading, investing, and mentoring aspiring traders. He holds a Master of Science (M.Sc) degree and brings with him over <strong data-start=""331"" data-end=""384"">nine years of experience in the financial markets</strong>, including <strong data-start=""396"" data-end=""421"">two years as a trader</strong> and <strong data-start=""426"" data-end=""463"">seven years as a Research Analyst</strong> in a SEBI-registered company.</p>
<p class="""" data-start=""495"" data-end=""908"">With a deep passion for financial markets, Pramod is an avid reader of books related to the stock market. He has developed a strong command over <strong data-start=""640"" data-end=""661"">market psychology</strong>, <strong data-start=""663"" data-end=""687"">fundamental analysis</strong>, and has <strong data-start=""697"" data-end=""733"">mastered price action strategies</strong>, believing that market behavior can be best understood—and leveraged—through price action. His philosophy: <strong data-start=""841"" data-end=""908"">“If you can learn from price action, you can earn from it too.”</strong></p>
<p class="""" data-start=""910"" data-end=""1307"">He is the proprietor of <strong data-start=""934"" data-end=""968"">K P Research Analysis Services</strong>, a firm specializing in <strong data-start=""993"" data-end=""1012"">equity research</strong>, <strong data-start=""1014"" data-end=""1037"">futures and options</strong>, <strong data-start=""1039"" data-end=""1058"">market analysis</strong>, and <strong data-start=""1064"" data-end=""1099"">investment strategy development</strong>. The firm is committed to delivering high-quality, research-driven insights backed by <strong data-start=""1186"" data-end=""1224"">fundamental and technical analysis</strong>, with a clear focus on <strong data-start=""1248"" data-end=""1306"">logical, long-term and short-term investment decisions</strong>.</p>","Registration granted by SEBI, membership of BASL (in case of IAs) and certification from NISM in no way guarantee performance of the intermediary or provide any assurance of return to investors

Investments in the securities market are subject to market risks. Read all the related documents carefully before investing.","RA PRAMOD PATIL is registered with SEBI with INH000017286 as the SEBI registration number. The registered office address of RA PRAMOD PATIL is WARD NO-26/E, R.S.NO.0249 PAIKI PLOT NO 12 NAVANAGAR DINDOLI SURAT, GUJARAT 394210

The content and data available in the material prepared by the company and on the website, including but not limited to index value, return numbers and rationale are for information and illustration purposes only.

Charts and performance numbers do not include the impact of transaction fee and other related costs.

Past performance does not guarantee future returns and performances of the portfolios are subject to market risk.

Data used for calculation of historical returns and other information is provided by exchange approved third party vendors and has neither been audited nor validated by the Company.

Information present in the material prepared by the company and on the website of the company shall not be considered as a recommendation or solicitation of an investment.

Investors are responsible for their investment decisions and are responsible to validate all the information used to make the investment decision. Investor should understand that his/her investment decision is based on personal investment needs and risk tolerance, and information present in the material prepared by the company and on the website of the company is one among many other things that should be considered while making an investment decision.

The investor is requested to take into consideration all the risk factors before actually trading in derivative contracts.

We and our associates, officers, directors, and employees, Research Analyst (including relatives) worldwide may:

(a) from time to time, have long or short positions in, and buy or sell the securities thereof, of company (ies) forming part of the products or reports created by the company or

(b) may have other potential/material conflict of interest with respect to any company(ies) in various products or reports created by the company. Any such positions of conflict of interest will be appropriately disclosed and dealt with in accordance with applicable law.

The Company does not provide any promise or assurance of favorable view for a particular industry or sector or business group in any manner.

The investor is requested to take into consideration all the risk factors including their financial condition, suitability to risk return profile and take professional advice before investing. The analysts for various products or reports created by the company certify that all of the information /material therein accurately reflect his or her personal views about the subject company or companies and its or their securities, and no part of his or her compensation was, is or will be, directly or indirectly related to company(ies) in various products or reports created by the company.

No part of this material may be duplicated in any form and/or redistributed without the prior written consent of the Company.",100
Prosenjit,Ghosh,8910740971,"27, Chanditala Lane, Tollygunge",West Bengal,Kolkata,700040,https://signalz.pro/wp-content/uploads/2024/07/ProsenjitGhosh.jpg,"Hindi, English, Bengali",23,,,Equity,"Swing Trading , Positional Investment , Intraday , Long-Term","NISM Series I: Currency Derivatives Continuing Professional Education Program, NISM Series VI: Depository Operations Continuing Professional Education Program, NISM Series VIII: Equity Derivatives Continuing Professional Education Program, NISM Series XV Research Analyst, Executive Programme  in Algorithmic Trading by QunatInsti Quantitative Learning Pvt Ltd","{'entity': 'SEBI', 'registrationId': 'INH300005361', 'affiliationValidity': 'Perpetual', 'registration_date\t': ''}, {'entity': 'BSE', 'registrationId': '5260', 'affiliationValidity': '', 'registration_date\t': ''}",+913329811839,,"L &amp; T Chambers, 3rd Floor, 16 Camac Street, Kolkata- 700017 ",Individual,RA,36,,Prosenjit Ghosh,"<b>RA Prosenjit Ghosh</b><span style=""font-weight: 400;""> is a SEBI-registered Research Analyst with over 23 years of diverse experience in the financial sector.  His career began in banking, where he held significant roles such as Collections Manager at ICICI Bank and Deputy Manager, later promoted to Senior Manager, at Axis Bank. Prosenjit's shift to equity trading marked a pivotal moment in his career, leading him to become a full-time equity trader in 2014.</span>

<span style=""font-weight: 400;"">As the Founder of PG's Master Class, Prosenjit has dedicated himself to educating and mentoring traders. He emphasizes the importance of continuous learning and disciplined trading strategies, guiding his students to achieve long-term success.</span>

<span style=""font-weight: 400;"">Prosenjit’s approach to investing focuses on continuous learning and disciplined trading. His innovative methods and market analysis have earned him recognition in the trading community.</span>

<span style=""font-weight: 400;"">Prosenjit Ghosh's vast experience and deep understanding of financial markets make him a valuable asset to Signalz. He can help Signalz clients by teaching and mentoring them to better understand market trends and develop disciplined trading strategies. Using his innovative methods and expert analysis, Signalz can provide top-notch guidance and support, helping clients make informed and strategic investment decisions.</span>

<b>Investment Philosophy</b>

<span style=""font-weight: 400;"">Prosenjit believes in understanding market trends deeply and making long-term, strategic investments. He emphasizes the importance of knowledge, discipline, and continuous learning in trading.</span>

<b>Work Experience</b>

<b>Banking Sector:</b>
<ul>
 	<li style=""font-weight: 400;""><span style=""font-weight: 400;"">ICICI Bank: Collections Manager</span></li>
 	<li style=""font-weight: 400;""><span style=""font-weight: 400;"">Axis Bank: Deputy Manager Retail Assets, later promoted to Senior Manager</span></li>
</ul>
<b>Equity Trading:</b>
<ul>
 	<li style=""font-weight: 400;""><span style=""font-weight: 400;"">Full-time Equity Trader since 2014</span></li>
 	<li style=""font-weight: 400;""><span style=""font-weight: 400;"">Founder of PG's Master Class and ""Price is Supreme"" Telegram Channel</span></li>
</ul>","Investment  in  securities  market  are  subject  to  market  risks.  Read  all  the related documents carefully before investing.

Registration granted by SEBI, membership of BASL (in case of IAs / RAs) and certification from NISM in no way guarantee performance of the intermediary or provide any assurance of returns to investors.","<h4>I Prosenjit Ghosh recognize the importance of protecting your personal and financial information. We/I assure that the information parted to us will be kept in strict confidentiality and to use the information only to help us service your account, to improve our services to you, to provide you with better products you have requested, and to inform you about additional products or services that may be of interest to you. We do not sell your personal information to third parties.</h4>
<ul>
 	<li>The website contains links to and from other Web sites. Prosenjit is not responsible for the privacy, practices or the content of such Web sites and will strive to maintain it to the best of his abilities to give you best experience, as and when it is brought to the notice from time to time.</li>
 	<li>The information contained in this report has been obtained from sources that are considered to be reliable. However, Prosenjit has not independently verified the accuracy or completeness of the same. Neither Prosenjit nor any of his affiliates, or his employees, accepts any responsibility, in whatsoever nature, for the information, statements and opinion given, made available or expressed herein or for any omission therein.</li>
 	<li>Recipients of this report should be aware that past performance is not necessarily a guide to future performance and value of investments can go down as well. The suitability or otherwise of any investments will depend upon the recipient's particular circumstances and, in case of doubt, advice should be sought from an independent expert/advisor.</li>
 	<li>Either Prosenjit or his affiliates or his employees or his representatives or his clients or their relatives may have position(s), make market, act as principal or engage in transactions of securities of companies referred to in this report and they may have used the research material prior to publication.</li>
</ul>
<strong>Prosenjit is registered as Research Analyst under Securities and Exchange Board of India (Research Analysts) Regulations, 2014.</strong>

<strong>Prosenjit submits that no material disciplinary action has been taken on him by any Regulatory Authority impacting Equity Research Analysis activities, in the past and pending in the present.</strong>
<ul>
 	<li>Prosenjit or his research analysts or his associates or his relatives do not have any financial interest in the subject company. Prosenjit or his research analysts or his associates or his relatives do not have actual/beneficial ownership of one per cent or more securities of the subject company at the end of the month immediately preceding the date of publication of the research report. Prosenjit or his research analysts or his associates or his relatives do not have any material conflict of interest at the time of publication of the research report.</li>
 	<li>Prosenjit or his associates have not received any compensation from the subject company in the past twelve months.</li>
 	<li>Prosenjit or his associates have not received any compensation for brokerage services from the subject company in the past twelve months.</li>
 	<li>Prosenjit or his associates have not received any compensation for products or services other than investment banking or merchant banking or brokerage services from the subject company in the past twelve months. Prosenjit or his associates have not received any compensation or other benefits from the subject company or third party in connection with the research report.</li>
 	<li>Prosenjit encourages independence in research report preparation and strives to minimize conflict in preparation of research report. Prosenjit or his analysts did not receive any compensation or other benefits from the subject Company or third party in connection with the preparation of the research report. Prosenjit or his Research Analysts do not have any material conflict of interest at the time of publication of this report.</li>
 	<li>It is confirmed that Mr. Prosenjit Ghosh, Research Analyst of this report have not received any compensation from the companies mentioned in the report in the preceding twelve months.</li>
 	<li>Compensation of our Research Analysts is not based on any specific merchant banking, investment banking or brokerage service transactions. The Research analysts for this report certifies that all of the views expressed in this report accurately reflect his or her personal views about the subject company or companies and its or their securities, and no part of his or her compensation was, is or will be, directly or indirectly related to specific recommendations or views expressed in this report.</li>
 	<li>The research analysts for this report has not served as an officer, director or employee of the subject company.</li>
 	<li>Prosenjit or his research analysts have not engaged in market making activity for the subject company. Our sales people, traders, and other professionals or affiliates may provide oral or written market commentary or trading strategies to our clients that reflect opinions that are contrary to the opinions expressed herein, and our proprietary trading and investing businesses may make investment decisions that are inconsistent with the recommendations expressed herein. In reviewing these materials, you should be aware that any or all the foregoing, among other things, may give rise to real or potential conflicts of interest.</li>
 	<li>Prosenjit and his associates, their directors and employees may (a) from time to time, have a long or short position in, and buy or sell the securities of the subject company or (b) be engaged in any other transaction involving such securities and earn brokerage or other compensation or act as a market maker in the financial instruments of the subject company or act as an advisor or lender/borrower to the subject company or may have any other potential conflict of interests with respect to any recommendation and other related information and opinions.</li>
 	<li>Prosenjit does not claim to be an invitation or an offer to buy or sell any financial instrument. Our Clients (Paid Or Unpaid), Any third party or anyone else have no rights to forward or share our calls or SMS or Reports or Any Information Provided by us to/with anyone which is received directly or indirectly by them through any medium or form. If found so then Serious Legal Actions can be taken. By merely accessing www.prosenjitghosh.com or any of its associate/group sites, you have read, understood and agreed to be legally bound by the terms of the following disclaimer and user agreement. The views and investment tips expressed by investment experts through sms or on prosenjitghosh.com, public media, television channels, newspapers, Telegram, WhatsApp, Facebook, LinkedIn, Twitter, etc., are their own, and not that of the website or its management. Website advises users to check with certified experts before taking any investment decision.</li>
 	<li>Stock trading is inherently risky and you agree to assume complete and full responsibility for the outcomes of all trading decisions that you make, including but not limited to loss of capital or even provision of additional margin in futures trading. None of the stock trading calls made by Prosenjit should be construed as an offer to buy or sell securities, nor advice to do so. All comments and posts made by Prosenjit, and employees are for information purposes only and under no circumstances should be used for actual trading. Under no circumstances should any person at this site make trading decisions based solely on the information discussed herein. You agree to not make actual stock trades based on comments on the site, nor on any techniques presented nor discussed in this site or any other form of information presentation. All information is for educational and informational use only. You agree to consult with a registered investment advisor,</li>
 	<li>Prior to making any trading decision of any kind. You agree, by accessing this or any associated site, Prosenjit bears no liability for any postings on the prosenjitghosh.com or actions of associate site. We reserve the right to deny service to anyone. You, and not Prosenjit, assume the entire cost and risk of any trading you are suggested to undertake. You are solely responsible for making your own investment decisions. If you choose to engage in such transactions with or without seeking advice from a licensed and qualified financial advisor or entity, then such decision and any consequences flowing there from are your sole responsibility. The information and commentaries are not meant to be an endorsement or offering of any stock purchase. They are meant to be a guide only, which must be tempered by the investment experience and independent decision-making process of the subscriber. Prosenjit or any employees are in no way liable for the use of the information by others in investing or trading in investment vehicles utilizing the principles disclosed herein. The materials and information in, and provided by, this site is not, and should not be construed as an offer to buy or sell any of the securities named in materials, services, or on-line postings. We encourage all investors to use the information on the site as a resource only to further their own research on all featured companies, stocks, sectors, markets and information presented on the site.</li>
</ul>",100
Sumit,Sharma,9999611455,"Unit No 02, 8th Floor, Tower C, Plot No. A 40 Sec 62",Uttar Pradesh,Noida,201301,https://signalz.pro/wp-content/uploads/2024/11/Sumit-Shrma.png,"English, Hindi",14,Proprietor,GoldenBridge Analytics,Equity,"Techno-Funda Analysis, Valuations, Long-Term, Positional",NISM XV,"{'entity': 'SEBI', 'registrationId': 'INH000016737', 'affiliationValidity': 'Perpetual', 'registration_date\t': ''}, {'entity': 'BSE', 'registrationId': '6209', 'affiliationValidity': '', 'registration_date\t': ''}",9999611455,,"Northern Regional Office 8th floor, Plate B, Tower 1 NBCC Complex East Kidwai Nagar, New Delhi-110023 ",Individual,RA,45,,Sumit Sharma,"<span style=""font-weight: 400;"">Sumit Sharma is a SEBI-registered Research Analyst with over 14 years of extensive experience in the financial markets, specializing in Equity, Derivatives, and Commodities trading. A seasoned professional with expertise in Techno-Funda Analysis, Sumit is adept at identifying profitable investment opportunities by combining technical trends with fundamental market insights.</span>

<span style=""font-weight: 400;"">Throughout his career, Sumit has demonstrated exceptional proficiency in portfolio management, wealth optimization, and risk mitigation strategies, making him a trusted advisor to retail and institutional investors. His holistic approach focuses on delivering consistent returns while prioritizing ethical investment practices, in compliance with SEBI regulations.</span>

<span style=""font-weight: 400;"">Sumit’s professional journey includes working with top financial organizations like ICICI Direct, where he managed high-net-worth portfolios for HNI and Ultra-HNI clients, and Indian Synthetic Rubber Limited, where he streamlined financial planning for a critical industrial segment. His vast experience also encompasses roles in branch banking operations and wealth management, where he honed his ability to align client needs with market opportunities.</span>

<span style=""font-weight: 400;"">As part of Signalz, Sumit Sharma plays a pivotal role in empowering users with tailored financial advice and investment strategies. His contributions will directly benefit Signalz users by:</span>
<ul>
 	<li style=""font-weight: 400;"" aria-level=""1""><span style=""font-weight: 400;"">Providing personalized guidance based on detailed market analysis to help clients make informed investment decisions.</span></li>
 	<li style=""font-weight: 400;"" aria-level=""1""><span style=""font-weight: 400;"">Leveraging his deep understanding of market trends to identify and recommend investment opportunities.</span></li>
 	<li style=""font-weight: 400;"" aria-level=""1""><span style=""font-weight: 400;"">Educating investors through simplified explanations of complex market concepts, enhancing their financial literacy.</span></li>
 	<li style=""font-weight: 400;"" aria-level=""1""><span style=""font-weight: 400;"">Assisting users in adopting risk management techniques.</span></li>
</ul>","The reports/information/opinions/Buy &amp; Sell recommendations have been prepared by Research Analyst and is solely for information of the recipient only. The reports must not be used as a singular basis of any investment decision. The views herein are of a general nature and do not consider the risk appetite or the particular circumstances of an individual investor; readers are requested to take professional advice before investing. Nothing in this document should be construed as investment advice.

Each recipient of this document should make such investigations as they deem necessary to arrive at an independent evaluation of an investment in securities of the companies referred to in this document (including merits and risks) and should consult their own advisors to determine merits and risks of such investment.

The information and opinions contained herein have been compiled or arrived at, based upon information obtained in good faith from sources believed to be reliable. Such information has not been independently verified and no guaranty, representation of warranty, express or implied, is made as to its accuracy, completeness or correctness. All such information and opinions are subject to change without notice. Descriptions of any company or companies or their securities mentioned herein are not intended to be complete. Research Analyst is not obliged to update this report for such changes. Research Analyst has the right to make changes and modifications at any time.

The reports are not directed to, or intended for display, downloading, printing, reproducing or for distribution to or use by, any person or entity who is a citizen or resident or located in any locality, state, country or other jurisdiction where such distribution, publication, reproduction, availability or use would be contrary to law or regulation or what would subject Research Analyst or its affiliates to any registration or licensing requirement within such jurisdiction. If this report is inadvertently sent or has reached any person in such country, especially, United States of America, the same should be ignored and brought to the attention of the sender. This document may not be reproduced, distributed or published in whole or in part, directly or indirectly, for any purposes or in any manner. It should not be considered to be taken as an offer to sell or a solicitation to buy any security. This document is not, and should not, be construed as an offer or solicitation of an offer, to buy or sell any securities or other financial instruments. This report should not be construed as an invitation or solicitation to do business with Research Analyst. The opinions expressed in the Report are our current opinions as of the date of the Report and may be subject to change from time to time without notice. Research Analyst and its associates do not accept any liability arising from the use of this document. Research Analyst do not take any responsibility, financial or otherwise, of the losses or the damages sustained due to the investments made or any action taken on basis of this report. Investors should not solely rely on the information contained in this Report and must make investment decisions based on their own investment objectives, judgment, risk profile and financial position. The recipients of this Report may take professional advice before acting on this information. Investments in securities market are subject to market risks. Read all the related documents carefully before investing. Registration granted by SEBI and certification from NISM in no way guarantee performance of the intermediary or provide any assurance of returns to investors. Statutory Disclaimers: “Investments in securities market are subject to market risks. Read all the related documents carefully before investing. Registration granted by SEBI and certification from NISM in no way guarantee performance of the intermediary or provide any assurance of returns to investors”","The following Disclosures are being made in compliance with the SEBI Research Analyst Regulations 2014 (herein after referred to as the Regulations) SUMIT SHARMA (“Research Analyst”) is registered with SEBI as Research Analyst with Registration No. INH000016737. The research analyst got its SEBI registration on June 24, 2024 and is engaged in research and recommendation Services. The focus of Research Analyst is to provide research and recommendations services to the clients. Analyst aligns its interests with those of the client and seeks to provide the best suited services. ➢ Research Analyst have no material adverse disciplinary history as on the date of publication of this report. ➢ Research Analyst has no associates ➢ Research Analysts or its employee or its associates may have beneficial ownership of 1% or more in the subject company at the end of the month immediately preceding the date of publication of the Research Report. ➢ Research Analysts or its employee or its associates does not have any financial interest in the subject company. ➢ Research Analysts or its employee or its associates have no actual or potential conflicts of interest arising from any connection to or association with any issuer of products/ securities, including any material information or facts that might compromise its objectivity or independence in the carrying on of recommendation services at the time of publication of the research report. ➢ Research Analysts or its employee or its associates have not received any kind of remuneration or consideration or compensation form the subject company or from anyone in connection with the research report in the past twelve months.

➢ The subject company was not a client of Research Analyst during twelve months preceding the date of distribution of the research report. ➢ Research Analysts or its employee or its associates have not served as an officer, director or employee of the subject company. ➢ Research Analysts or its employee or its associates have not been engaged in market making activity of the subject company Statutory Disclosures: SUMIT SHARMA Registered Address: Unit No 02, 8th Floor, Tower C, Plot No. A 40 Sec 62, Noida, Uttar Pradesh, 201301 Registration No.: INH000016737 Contact No.: 9999611455 Email: ra.sumitsharma@gmail.com",100
Sumit,Sharma,9999611455,"Unit No 02, 8th Floor, Tower C, Plot No. A 40 Sec 62",Uttar Pradesh,Noida,201301,https://signalz.pro/wp-content/uploads/2024/11/Sumit-Shrma.png,"English, Hindi",14,Proprietor,GoldenBridge Analytics,Equity,"Techno-Funda Analysis, Valuations, Long-Term, Positional",NISM XV,"{'entity': 'SEBI', 'registrationId': 'INH000016737', 'affiliationValidity': 'Perpetual', 'registration_date\t': ''}, {'entity': 'BSE', 'registrationId': '6209', 'affiliationValidity': '', 'registration_date\t': ''}",9999611455,,"Northern Regional Office 8th floor, Plate B, Tower 1 NBCC Complex East Kidwai Nagar, New Delhi-110023 ",Individual,RA,45,,Sumit Sharma,"<span style=""font-weight: 400;"">Sumit Sharma is a SEBI-registered Research Analyst with over 14 years of extensive experience in the financial markets, specializing in Equity, Derivatives, and Commodities trading. A seasoned professional with expertise in Techno-Funda Analysis, Sumit is adept at identifying profitable investment opportunities by combining technical trends with fundamental market insights.</span>

<span style=""font-weight: 400;"">Throughout his career, Sumit has demonstrated exceptional proficiency in portfolio management, wealth optimization, and risk mitigation strategies, making him a trusted advisor to retail and institutional investors. His holistic approach focuses on delivering consistent returns while prioritizing ethical investment practices, in compliance with SEBI regulations.</span>

<span style=""font-weight: 400;"">Sumit’s professional journey includes working with top financial organizations like ICICI Direct, where he managed high-net-worth portfolios for HNI and Ultra-HNI clients, and Indian Synthetic Rubber Limited, where he streamlined financial planning for a critical industrial segment. His vast experience also encompasses roles in branch banking operations and wealth management, where he honed his ability to align client needs with market opportunities.</span>

<span style=""font-weight: 400;"">As part of Signalz, Sumit Sharma plays a pivotal role in empowering users with tailored financial advice and investment strategies. His contributions will directly benefit Signalz users by:</span>
<ul>
 	<li style=""font-weight: 400;"" aria-level=""1""><span style=""font-weight: 400;"">Providing personalized guidance based on detailed market analysis to help clients make informed investment decisions.</span></li>
 	<li style=""font-weight: 400;"" aria-level=""1""><span style=""font-weight: 400;"">Leveraging his deep understanding of market trends to identify and recommend investment opportunities.</span></li>
 	<li style=""font-weight: 400;"" aria-level=""1""><span style=""font-weight: 400;"">Educating investors through simplified explanations of complex market concepts, enhancing their financial literacy.</span></li>
 	<li style=""font-weight: 400;"" aria-level=""1""><span style=""font-weight: 400;"">Assisting users in adopting risk management techniques.</span></li>
</ul>","The reports/information/opinions/Buy &amp; Sell recommendations have been prepared by Research Analyst and is solely for information of the recipient only. The reports must not be used as a singular basis of any investment decision. The views herein are of a general nature and do not consider the risk appetite or the particular circumstances of an individual investor; readers are requested to take professional advice before investing. Nothing in this document should be construed as investment advice.

Each recipient of this document should make such investigations as they deem necessary to arrive at an independent evaluation of an investment in securities of the companies referred to in this document (including merits and risks) and should consult their own advisors to determine merits and risks of such investment.

The information and opinions contained herein have been compiled or arrived at, based upon information obtained in good faith from sources believed to be reliable. Such information has not been independently verified and no guaranty, representation of warranty, express or implied, is made as to its accuracy, completeness or correctness. All such information and opinions are subject to change without notice. Descriptions of any company or companies or their securities mentioned herein are not intended to be complete. Research Analyst is not obliged to update this report for such changes. Research Analyst has the right to make changes and modifications at any time.

The reports are not directed to, or intended for display, downloading, printing, reproducing or for distribution to or use by, any person or entity who is a citizen or resident or located in any locality, state, country or other jurisdiction where such distribution, publication, reproduction, availability or use would be contrary to law or regulation or what would subject Research Analyst or its affiliates to any registration or licensing requirement within such jurisdiction. If this report is inadvertently sent or has reached any person in such country, especially, United States of America, the same should be ignored and brought to the attention of the sender. This document may not be reproduced, distributed or published in whole or in part, directly or indirectly, for any purposes or in any manner. It should not be considered to be taken as an offer to sell or a solicitation to buy any security. This document is not, and should not, be construed as an offer or solicitation of an offer, to buy or sell any securities or other financial instruments. This report should not be construed as an invitation or solicitation to do business with Research Analyst. The opinions expressed in the Report are our current opinions as of the date of the Report and may be subject to change from time to time without notice. Research Analyst and its associates do not accept any liability arising from the use of this document. Research Analyst do not take any responsibility, financial or otherwise, of the losses or the damages sustained due to the investments made or any action taken on basis of this report. Investors should not solely rely on the information contained in this Report and must make investment decisions based on their own investment objectives, judgment, risk profile and financial position. The recipients of this Report may take professional advice before acting on this information. Investments in securities market are subject to market risks. Read all the related documents carefully before investing. Registration granted by SEBI and certification from NISM in no way guarantee performance of the intermediary or provide any assurance of returns to investors. Statutory Disclaimers: “Investments in securities market are subject to market risks. Read all the related documents carefully before investing. Registration granted by SEBI and certification from NISM in no way guarantee performance of the intermediary or provide any assurance of returns to investors”","The following Disclosures are being made in compliance with the SEBI Research Analyst Regulations 2014 (herein after referred to as the Regulations) SUMIT SHARMA (“Research Analyst”) is registered with SEBI as Research Analyst with Registration No. INH000016737. The research analyst got its SEBI registration on June 24, 2024 and is engaged in research and recommendation Services. The focus of Research Analyst is to provide research and recommendations services to the clients. Analyst aligns its interests with those of the client and seeks to provide the best suited services. ➢ Research Analyst have no material adverse disciplinary history as on the date of publication of this report. ➢ Research Analyst has no associates ➢ Research Analysts or its employee or its associates may have beneficial ownership of 1% or more in the subject company at the end of the month immediately preceding the date of publication of the Research Report. ➢ Research Analysts or its employee or its associates does not have any financial interest in the subject company. ➢ Research Analysts or its employee or its associates have no actual or potential conflicts of interest arising from any connection to or association with any issuer of products/ securities, including any material information or facts that might compromise its objectivity or independence in the carrying on of recommendation services at the time of publication of the research report. ➢ Research Analysts or its employee or its associates have not received any kind of remuneration or consideration or compensation form the subject company or from anyone in connection with the research report in the past twelve months.

➢ The subject company was not a client of Research Analyst during twelve months preceding the date of distribution of the research report. ➢ Research Analysts or its employee or its associates have not served as an officer, director or employee of the subject company. ➢ Research Analysts or its employee or its associates have not been engaged in market making activity of the subject company Statutory Disclosures: SUMIT SHARMA Registered Address: Unit No 02, 8th Floor, Tower C, Plot No. A 40 Sec 62, Noida, Uttar Pradesh, 201301 Registration No.: INH000016737 Contact No.: 9999611455 Email: ra.sumitsharma@gmail.com",100
Aditya,Shivhare,8839367516,"H.No.175, Berasiya Road, Goya Colony
Karond, Huzur
",Madhya Pradesh,Bhopal,462038,https://signalz.pro/wp-content/uploads/2025/02/AdityaShivhare_new.png,"English, Hindi",5,Proprietor,TRADE CARE RESEARCH ,"Equity, Future & Options, Commodity","Technical Analysis, Fundamental Analysis",NISM Research Analyst XV,"{'entity': 'SEBI', 'registrationId': 'INH000013873', 'affiliationValidity': 'Perpetual', 'registration_date\t': '20231201'}, {'entity': 'BSE', 'registrationId': '5937 ', 'affiliationValidity': '', 'registration_date\t': ''}",8839367516,,"1st Floor, Satguru Parinay, 104-105, AB Rd, Opposite C-21 Mall, Scheme No 54, Indore, Madhya Pradesh 452010",Individual,RA,57,,Aditya Shivhare,"Aditya Shivhare is a skilled finance and compliance professional with an MBA in Finance &amp; Marketing. With over Five years of experience as a Compliance Executive, Aditya has built expertise in risk profiling, investment compliance, and regulatory frameworks. His role involved maintaining investor records and ensuring adherence to SEBI guidelines, showcasing his deep understanding of the financial landscape.

Aditya has earned the NISM-XV Research Analyst Certification, further strengthening his analytical and research capabilities in stock valuation and investment strategies. His proficiency in fundamental and technical analysis allows him to provide valuable insights into the stock market.

With a strong foundation in research analysis, risk assessment, and compliance management, Aditya Shivhare brings a unique combination of finance, marketing, and regulatory expertise which is making his Research Analyst service very unique. Join Aditya to explore world of trading and investment!","Investment in securities are subject to market risks, please carry out your due diligence before investing.

Past performance is not indicative of future returns.","1. ""ADITYA SHIVHARE"" or any of its associates or fellow research analysts shall disclose all material information about itself including its business activity, disciplinary history, the terms and conditions on which it offers research reports, details of associates, and such other information as is necessary to take an investment decision, including the following :
a. ""ADITYA SHIVHARE"" or any of its associates or fellow research analysts shall disclose the following in the research report and in public appearance with regard to ownership and material conflicts of interest:
i. Whether ""ADITYA SHIVHARE"", its associates or fellow research analysts, or its associate or its relative has any financial interest in the subject company and the nature of such financial interest.
ii. Whether ""ADITYA SHIVHARE"", its associates or fellow research analysts, or its relatives, have actual/beneficial ownership of one percent or more securities of the subject company, at the end of the month immediately preceding the date of publication of the research report or
date of the public appearance.
iii. Whether ""ADITYA SHIVHARE"", its associates or fellow research analysts or its associate or its relative, have any other material conflict of interest at the time of publication of the research report or at the time of public appearance

2. ""ADITYA SHIVHARE"" or any of its associates or fellow research analysts shall disclose the following in the research report with regard to the receipt of compensation
i. Whether ""ADITYA SHIVHARE"" or its associates have received any compensation from the subject company in the past twelve months

ii. Whether ""ADITYA SHIVHARE"" or its associates have managed or co-managed public offering of securities for the subject company in the past twelve months
iii. Whether ""ADITYA SHIVHARE"" or its associates have received any compensation for investment banking or merchant banking or brokerage services from the subject company in the past twelve months
iv. Whether ""ADITYA SHIVHARE"" or its associates have received any compensation for products or services other than investment banking or merchant banking or brokerage services from the subject company in the past twelve months
v. Whether ""ADITYA SHIVHARE"" or its associates have received any compensation or other benefits from the Subject Company or third party in connection with the research report.

3.""ADITYA SHIVHARE"" or any of its associates or fellow research analysts shall disclose the following in public appearance with regard to receipt of compensation:
i. Whether ""ADITYA SHIVHARE"" and its associates have received any compensation from the subject company in the past twelve months;
ii. Whether the subject company is or was a client during the twelve months preceding the date of distribution of the research report and the types of services provided:
Provided ""ADITYA SHIVHARE"" or any of its associates or fellow research analysts shall not be required to make a disclosure as per sub-clauses (c), (d), and (e) of clause (ii) or sub-clauses (a) and (b) of clause
(iii) to the extent such disclosure would reveal material non-public information regarding specific future investment banking or merchant banking or brokerage services transactions of the subject company.

4. Whether ""ADITYA SHIVHARE"" or any of its associates or fellow research analysts has served as an officer, director, or employee of the subject company
5. Whether ""ADITYA SHIVHARE"" or any of its associates or fellow research analyst’s entity has been engaged in a market-making activity for the subject company
6. ""ADITYA SHIVHARE"" or any of its associates or fellow research analysts shall provide all other disclosures in a research report and public appearance as specified by the Board under any regulations.

Contents of the research report:
1. ""ADITYA SHIVHARE"" or any of its associates or fellow research analysts shall take steps to ensure that facts in its research reports are based on reliable information and shall define the terms used in making recommendations, and these terms shall be
consistently used.
2. ""ADITYA SHIVHARE"" or any of its associates or fellow research analysts that employs a rating system must clearly define the meaning of each such rating including the time horizon and benchmarks on which a rating is based.
3. If a research report contains either a rating or price target for the subject company’s securities and ""ADITYA SHIVHARE"" or any of its associates or fellow research analysts has assigned a rating or price target to the securities for at least one year, such research report shall also provide the graph of the daily closing price of such securities for the period assigned or for a three year period, whichever is shorter.",0
Krishna,Murti,9731996883,"Anjani Kumar Bhawan, H No 63, Gramin Bank Road, Near Gramin Bank,
Bhagwanpur Desua, Ujiarpur
",Bihar,Samastipur,848132,https://signalz.pro/wp-content/uploads/2024/11/Krishna-Murti.jpeg,"Hindi, English",7,Proprietor,KM Research Analyst,"Equity, Commodity","Swing Trading, Positional Trading, Momentum Trading, Long-term Trading","NISM VIII, NISM XV","{'entity': 'SEBI', 'registrationId': 'INH000016977', 'affiliationValidity': 'Perpetual', 'registration_date\t': '20240626'}, {'entity': 'BSE', 'registrationId': '6240', 'affiliationValidity': '', 'registration_date\t': ''}",8860603112,,"L & T Chambers, 3rd Floor, 16, Camac Street, Kolkata . 700017",Individual,RA,47,,Krishna Murti,"<span style=""font-weight: 400;""><strong>RA Krishna Murti</strong> from KM Research Analyst is committed to empowering your trading and investment decisions with top-tier stock market research and actionable insights. Leveraging time-tested algorithmic tools, we deliver high-quality recommendations that align with your financial goals.</span>
<h3><b>Investment Philosophy</b></h3>
<span style=""font-weight: 400;"">Through </span><b>Signalz.in</b><span style=""font-weight: 400;"">, we bring you a seamless platform where quality, efficiency, and innovation meet. We aim to transform market complexities into clear opportunities, providing our clients with the tools and insights they need to succeed.</span>
<h3><b>Core Principles</b></h3>
<ul>
 	<li style=""font-weight: 400;"" aria-level=""1""><b>Truth, Trust, and Transparency</b><span style=""font-weight: 400;"">: Building strong relationships with clients by offering unbiased and ethical research services.</span></li>
 	<li style=""font-weight: 400;"" aria-level=""1""><b>Innovation Meets Expertise</b><span style=""font-weight: 400;"">: Utilizing advanced research tools to uncover profitable trading and investment strategies.</span></li>
 	<li style=""font-weight: 400;"" aria-level=""1""><b>Client-Centric Solutions</b><span style=""font-weight: 400;"">: Personalized recommendations tailored to your unique financial objectives.</span></li>
</ul>
<h3><b>Professional Experience</b></h3>
<ul>
 	<li style=""font-weight: 400;"" aria-level=""1""><b>Partner and Research Analyst</b><span style=""font-weight: 400;"">: Profit Bell Research (INH000009852): </span><i><span style=""font-weight: 400;"">June 2022 – June 2024</span></i><i><span style=""font-weight: 400;"">
</span></i><span style=""font-weight: 400;"">Delivered expert market analysis and impactful investment strategies, helping clients navigate market fluctuations effectively.</span></li>
 	<li style=""font-weight: 400;"" aria-level=""1""><b>HDFC Securities</b><span style=""font-weight: 400;"">: </span><i><span style=""font-weight: 400;"">December 2017 – August 2019</span></i><i><span style=""font-weight: 400;"">
</span></i><span style=""font-weight: 400;"">Gained hands-on experience in equity markets, supporting clients with financial planning and stock advisory services.</span></li>
 	<li style=""font-weight: 400;"" aria-level=""1""><b>Authorized Partner and Mutual Fund Distributor</b><span style=""font-weight: 400;"">:</span><span style=""font-weight: 400;"">
</span><span style=""font-weight: 400;"">With over five years of experience, specialized in helping investors and traders manage mutual funds, equities, and other securities to achieve balanced portfolios.</span></li>
</ul>
<h3><b>Mission on Signalz.in</b></h3>
<span style=""font-weight: 400;"">At </span><b>Signalz.in</b><span style=""font-weight: 400;"">, KM Research Analyst is on a mission to help retail and institutional investors make informed decisions. By offering </span><b>data-driven recommendations, cutting-edge insights, and expert guidance</b><span style=""font-weight: 400;"">, we enable our clients to thrive in the ever-changing stock market landscape.</span>

<span style=""font-weight: 400;"">Signalz.in provides a trusted platform for KM Research Analyst to share expert insights and guidance with investors. Together, we aim to promote transparency, educate investors, and deliver reliable advice based on years of experience. Whether you're a beginner or an experienced trader, KM Research Analyst is here to help you achieve your financial goals with confidence.</span>","MARKET RISKS WARNING: “Investment in securities market are subject to market risks. Read all the related documents carefully before investing.”

LOSS POSSIBILITY: Market risks may result in partial or permanent loss of investments under certain market conditions.

REGISTRATION: Registration granted by SEBI and certification from NISM do not guarantee the performance of the intermediary nor assure returns to investors.

PAST PERFORMANCE: Past performance is not indicative of future results.

NO WARRANTIES: The Research Analyst does not guarantee the accuracy, results, or reliability of content on its website, including merchantability, suitability, and non-infringement.

RISK ASSOCIATED IN OPEN POSITIONS: Our recommendations may be open, we may not provide any stop-loss or target price in securities recommendations. This will cause a huge loss on your portfolio in adverse market conditions or company events.","I, KRISHNA MURTI, hold an MBA in Finance and have over 7 years of experience in the stock market and research. This research report presents the personal opinions of the research analysts at “KRISHNA MURTI” on the subject issuer(s), company(ies), or securities. The information in this report is gathered from publicly available sources that we consider reliable. Furthermore, I confirm that my compensation is not influenced in any way by the recommendations or views expressed in this report.

There have been no instances of disciplinary actions, penalties, or any similar measures imposed by regulatory or administrative bodies against “KRISHNA MURTI,” its Partners, or associates.

Public opinions on securities are solely for informational purposes. It’s important to understand that any document or opinion should not be viewed as an invitation to buy, sell, hold, or subscribe to any securities or financial instruments, and cannot be taken as investment advice. Before making any decisions, consult your financial adviser since investing in securities markets carries significant risks or loss of capital. Kindly be informed that “KRISHNA MURTI: INH000016977”, its partners, employees, officers, and affiliates, cannot be held liable for any losses or damages resulting from inadvertent errors in the information provided in the research report or recommendations, or from acting upon our opinions or advice. Our reports are not tailored to specific investment objectives, financial circumstances, or individual requirements. Investing in the securities market involves a high risk of experiencing partial or complete loss of funds during unfavorable market conditions or unexpected events affecting securities/companies.",100
